Annual Income,Number of Open Accounts,Years of Credit History,Maximum Open Credit,Current Loan Amount,Current Credit Balance,Monthly Debt,Credit Score,Credit Default
-0.7166859578170177,9.0,-0.18382499853649012,-0.028081061410566918,-1.471385862230623,-0.14420803963472031,-0.5081105836032344,0.3069149256939305,0
-0.23944398890738475,15.0,1.0464518613695422,-0.038843650648724415,-1.1486628671706618,-0.5787716235356033,-0.23514382382236557,-0.2895444628226734,0
-0.5117719858088764,11.0,-1.0322917984716848,-0.04304838102329911,-0.7439880837927733,-0.6450333670605539,-0.24287564090975472,0.24521223033014386,0
-0.059116610581764935,12.0,0.3111139680923735,-0.026646376505856394,-0.594610673476197,0.0007470677850715366,1.0511111818568826,-0.06330124648878915,1
0.11298954519588532,14.0,-0.6646228518331005,-0.030208564239347056,0.20311796022415757,-0.21071117384646493,-0.033948496570087236,-1.1945173281582102,1
-0.25683701286043287,14.0,-0.6080583985040875,-0.029147878390992695,-0.6861255212876489,0.23453394794505222,0.5714023564784344,-0.9271389815818015,0
-0.7699697564560455,15.0,0.24040840143110725,-0.02655563575119949,-1.3437977013929638,-0.05290201235489305,0.18926570108323407,3.4331848241257847,1
-0.22002135063780667,13.0,0.07071504144406841,0.008725350640536585,1.9715576582102698,2.1088119355569983,0.9703473098896981,3.4331848241257847,1
-0.22418334455271627,14.0,-1.046432911803938,-0.018759288209191358,0.11329783181662144,-0.11367211775528038,-0.7744380656677582,-0.042733681367526956,1
-0.22418334455271627,8.0,0.028291701447308578,-0.044243951777224545,-1.0825688104179465,-0.6317568792868844,-0.5017234303571303,-0.042733681367526956,0
-0.005961268545049249,9.0,0.21212617476660087,-0.029236166692821034,-0.5061221103145946,-0.3397948436095518,0.6897327745115204,-1.2973551537645212,0
-0.22418334455271627,8.0,-0.806033985155633,-0.039498455553951275,0.1347239271375566,-0.4282645303195497,0.30431850100318775,-0.042733681367526956,0
-0.10243217688137955,8.0,-0.4525061518493018,-0.047273957246916604,-1.0831740673479164,-0.6134111870905411,-1.0606833808813172,0.3069149256939305,0
-0.10143021538334576,19.0,0.7919118213889836,-0.033362418576881644,-1.1076264473187012,-0.013434635064075459,1.117840124980654,-0.6186255047628686,0
-0.8945726606987091,13.0,1.498967488001646,-0.009706058592543663,0.1341186702075867,0.7176170598915275,-0.1575735284782332,-0.659760635005393,0
-0.22418334455271627,14.0,-0.7636106451588731,-0.03253103706799811,-0.2590562315008733,-0.30394832662064414,1.051783513777525,-0.042733681367526956,1
-0.8237159988633964,9.0,-0.01413163854945126,-0.025982988015729562,-0.79858225887606,-0.3543989801605883,-0.4535676565411088,-0.022166116246264755,0
-0.8617134618272932,6.0,1.088875201366302,-0.020265094245930267,-0.23073020717828108,0.21178287571471852,-0.8590678461786372,0.24521223033014386,1
0.17123176868415718,8.0,2.361575401269094,-0.010126654252642562,1.930884392516291,0.39361041054229257,-0.5468537105302604,-0.10443637673131356,0
-1.0609753433337055,7.0,-1.3009729517844966,-0.02064522443435784,-0.21571983531502706,0.02905012581166703,-1.0524473148534461,3.4331848241257847,1
-0.8171390208250208,5.0,-0.6787639651653538,-0.043657815551197514,-1.3463397804988375,-0.8169638837295743,-0.9856343302395942,-0.7420308954904418,0
-0.41573782992040703,11.0,-0.22624833853324994,-0.04007600819507833,-1.3437977013929638,-0.5381576404825142,0.3225555043506165,0.060104144238784046,0
2.153548364242855,16.0,1.1454396546953147,0.07401822852183683,2.5964249127112153,2.571799272827874,2.653530273218282,0.10123927448130844,1
-0.22418334455271627,10.0,-0.3818005851880356,-0.01640002858811183,-0.8402239356579905,0.3495566102023891,0.8144503457907105,-0.042733681367526956,0
-0.8440378333491587,5.0,-0.466647265181555,-0.03352428046356694,-0.4005653017278406,-0.0019082297696623688,-0.2533808271697943,-0.6186255047628686,0
-1.0117764646482001,7.0,-1.3151140651167497,-0.035909290839346394,-0.11222090029017075,-0.27365379542799817,-0.5682002490106609,-0.3306795930651978,1
-0.5133134650366208,10.0,-0.6080583985040875,-0.03459109744399271,0.6891392749900033,-0.06400598394741666,-0.7897336168623759,-0.4746525489140332,0
-0.22418334455271627,9.0,0.01415058811505513,-0.028122753108652525,-1.34367665000697,-0.06521293738138662,-0.3027972233370206,-0.042733681367526956,1
1.1068068946430931,16.0,0.19798506143434744,-0.0248242040542326,1.2680070028132349,0.3663332629345715,-0.3408680183434041,-1.3384902840070456,0
-0.6882970487060603,8.0,-1.4706663117715355,-0.04485461253153723,-0.4747698013421528,-0.6212563844113458,0.3066716627254366,-0.4746525489140332,0
-0.22418334455271627,5.0,-0.04241386521395765,-0.04879938290628403,-0.7215935773838862,-0.7079156409703887,-0.16463301364497981,-0.042733681367526956,0
-2.6573518233723293e-05,11.0,-0.4525061518493018,-0.015431309720828654,1.2787805761666993,0.6399496064155608,0.6418291251657399,-0.16613907209510015,0
1.4142035439757674,11.0,-0.5090706051783148,-0.03722993668752865,2.6316508660354643,-0.025986950777363012,0.2259918322483325,-1.5235983700984055,0
-0.8584763554490302,10.0,0.3818195347536397,-0.0372826644233428,-0.6863676240596368,-0.3740723211342986,-1.0191668847816406,-0.39238228842898437,0
-0.9801761404794421,7.0,-1.8100530317456134,-0.04570806611587785,-0.8911865691614578,-0.6326017466906634,-0.4740737801207061,-0.7420308954904418,0
-0.22418334455271627,9.0,-0.466647265181555,-0.029407838390820583,0.08436655056405927,-0.12453469866101,0.9071481093492999,-1.071111937430637,1
-1.0132665612350196,9.0,-0.7070461918298601,-0.025681336317816068,-0.4340965356481742,0.05928430933261445,-0.363139013214688,-0.042733681367526956,0
0.27165914037169786,8.0,-0.4949294918460614,-0.03344702819946714,-0.6418207140138508,0.07980251771010372,-0.4497857894874946,0.03953657911752184,0
-0.4258602101825945,8.0,-0.7070461918298601,-0.05013351724502339,-0.7372092061771102,-0.8383269595108426,-0.29514944773971175,-0.06330124648878915,0
-0.6212940849401084,7.0,-1.0747151384684446,-0.0433573900796983,-0.3939074754981715,-0.6224633378453157,-0.7698998252034212,-0.24840933258014897,0
-1.4689535122766948,7.0,-0.18382499853649012,-0.04769945781267263,-1.0874108658577057,-0.7548661295518201,-1.2374226345202233,0.14237440472383284,0
1.0318139302133333,13.0,0.48080732807941234,-0.03127538121977283,-0.7194146524359945,0.07600061439309835,0.8010037073778598,-0.659760635005393,1
-0.22418334455271627,15.0,0.9050407280470097,-0.028370450844337588,0.016214620249446275,-0.4253074944063233,-0.018568903885389274,-0.042733681367526956,0
0.6237586873089567,10.0,0.579795121405185,0.022286188556086748,2.430826616671445,1.1575515865735768,-0.03764632213362118,0.10123927448130844,0
1.0280373061053598,10.0,1.1878629946920747,-0.0008919431266810578,1.2680070028132349,1.1244207148111016,1.5254413518701904,-0.001598551125002556,1
0.1154816032807386,17.0,-0.056554978546211096,0.03999167175191176,-0.7478617281445807,1.4853601392398172,0.6558640540091527,0.22464466520888166,0
-0.22418334455271627,23.0,-0.8484573251523926,-0.01750485858738036,-0.8784761736320894,0.4828646169843709,0.19699751817062322,-0.042733681367526956,0
-0.22418334455271627,15.0,-1.1312795917974574,-0.028136241599209633,-0.5926738513002933,-0.13244024365351323,-0.4495336650172536,-0.042733681367526956,1
0.9606489725324718,24.0,1.6686608479886853,0.0678821915447672,2.5650726037387734,2.448810717906335,2.630670987916436,-0.12500394185257577,0
-0.22418334455271627,23.0,0.6080773480696918,0.04398426495681558,-0.9708383811454993,-0.04089282568689198,0.42080000625450675,-0.042733681367526956,0
-0.7419148345110993,10.0,-1.4565251984392822,-0.0488361696987125,-0.5776634794370392,-0.7258992471365411,-0.3657442994071778,0.08067170936004625,0
-0.22418334455271627,13.0,2.4322809679303603,-0.02215961405599673,0.27199619885473447,0.323607111372035,-0.3135545340673011,-0.042733681367526956,1
2.725077479249514,23.0,1.6403786213241784,0.10114113057935144,0.7254546907881985,-0.12248287782326107,-0.35002854076215856,-0.20727420233762456,0
-0.22418334455271627,20.0,-0.16968388520423666,-0.00701081293395073,1.652103050572146,1.237089817872197,1.8515223333818194,-0.042733681367526956,0
0.5067090312822401,9.0,1.9232008879692433,-0.036467223857844934,1.2937909480299534,-0.48010318030855936,-1.2500288580322707,-1.0094092420668503,0
-1.0256240863774364,5.0,-0.07069609187846404,-0.03035203272981811,-1.2100359198696116,-0.6454558007624435,-1.4123970168674427,0.18350953496635725,0
1.3740223187725662,15.0,-0.6363406251685939,-0.00810460689549072,0.03328286567459802,1.030399042304842,2.116000902664576,-0.7214633303691795,0
0.5988894891013488,8.0,0.7777707080567307,-0.03493811951923466,-0.8679447030506128,-0.6380330371435282,-0.46264413746978306,0.22464466520888166,0
0.05914053750668471,8.0,0.2545495147633607,-0.02317002462136551,0.7767804784496477,0.06296551730622282,0.8193247522153688,-1.400192979370832,1
-0.5058115994615985,14.0,1.1030163146985554,-0.0036448214267452692,0.9976992578886685,-0.3766069233456355,-0.8883142847265875,0.20407710008761945,0
-0.7535273113601063,7.0,-1.046432911803938,-0.038495402347068185,-0.6356470933281575,-0.5452183180712386,-1.2240600375974529,0.060104144238784046,0
-0.7922441312969505,11.0,-0.33937724519127577,-0.020716345566386227,0.30758530633696574,0.26356117803202966,-0.04873979882422299,0.14237440472383284,0
-0.48690278760126854,9.0,0.5373717814084257,-0.030168098767675733,0.2125599683316883,-0.3344239008283855,-0.029578339085910767,-0.2895444628226734,0
-1.1095833216485755,15.0,0.028291701447308578,0.009942993469919108,-0.6081684287075232,-0.055074528536038975,-1.0716928160818386,3.4331848241257847,1
-0.0973966780707482,5.0,-0.6504817385008473,-0.04811146988787155,-0.4804592164838701,-0.6326017466906634,-1.4422317458459553,-0.8448687210967528,0
-0.22418334455271627,6.0,-0.4949294918460614,-0.03281061669045452,-0.47549610965811673,-0.25174759060144347,-0.5706374522229901,-0.042733681367526956,0
-0.14248494548226875,9.0,-0.466647265181555,-0.026265020091014536,0.5087727098589672,-0.019891835935814728,0.874540011198137,-0.9065714164605394,1
-0.22418334455271627,9.0,1.8524953213079771,0.025930533459334337,-0.8459133507997078,-0.10799943661562159,-0.9552113108305196,-0.042733681367526956,0
-0.22418334455271627,10.0,-0.9050217784814056,-0.03304850461482532,-0.9606700647220046,-0.25989452628074067,0.007399916549428607,-0.042733681367526956,0
0.31327907952079376,20.0,-0.989868458474925,-0.004240767464086564,0.7848909213112446,0.3331420435003977,1.0264029837732693,-0.35124715818645996,0
0.9568209657835735,17.0,-0.32523613185902256,0.0038118613985066102,-1.0625953317289392,0.8616669522358419,0.6391397974831697,0.26577979545140606,0
-0.47079432967134066,6.0,0.3535373080891333,-0.048020729133214646,-0.5741529892432137,-0.7030274795628104,-1.3544083887120242,-2.305165844706369,0
-0.5282144309048156,9.0,-0.8767395518168992,-0.008249301612376055,0.0704456411747511,0.012876949796469604,-0.7206515120163555,0.28634736057266824,1
-0.2175549838734158,14.0,1.0605929747017957,0.0199281551614215,1.538314747737801,0.8428384786659106,0.3343213129618608,-1.2562200235219967,1
-0.9110407971151107,9.0,0.7636295947244772,-0.04553271573863545,-0.5122957310002878,-0.4565675883461452,-0.3321277033750511,-0.5157876791565575,0
1.1680806939459287,11.0,0.1555617214375876,-0.023918022734077834,1.199249815568652,-0.04783280793221923,-0.11361982916622752,0.26577979545140606,0
0.029056001245208594,28.0,1.5838141679951656,-0.003008409917732652,0.6951918442897025,0.42245659761417453,0.04916853711934604,-1.4413281096133566,0
-0.23081170523201672,12.0,-0.9757273451426718,-0.026409714807899873,-0.4834855011337197,0.10635549325744277,0.13363023465006438,-0.9065714164605394,1
-0.3819537435123446,6.0,-0.7211873051621135,-0.041560968382774434,-0.6461785639096341,-0.31764724809620315,-0.9376466394037334,3.4331848241257847,1
-0.22418334455271627,14.0,0.7070651413954645,-0.03152430518187218,-0.7194146524359945,-0.06998040344556794,3.904067645613395,-0.042733681367526956,0
-0.22418334455271627,4.0,-0.9474451184781654,-0.02423438914896272,0.4740309620786938,-0.4355665985950679,-1.245070410117532,-0.042733681367526956,0
-0.6087567205544548,16.0,-0.9757273451426718,-1.641746688335306e-05,0.5230567734062572,0.014868422962520033,-0.4820577216783362,0.24521223033014386,1
-0.22418334455271627,5.0,-0.2121072252009965,-0.05066815196165056,0.02371980618107328,-0.7161229243213845,-0.21892381623686444,-0.042733681367526956,1
-1.0666788164763594,8.0,-1.4565251984392822,-0.030044249899833203,-0.5811739696308648,-0.3054570184131066,-0.8526806929325331,-0.26897689770141114,1
0.1929409344748893,7.0,0.42424287475039957,0.0005635876270722692,0.03534073923649574,0.8079575244241788,-0.42734671163605,0.3069149256939305,1
-0.22418334455271627,13.0,0.7212062547277174,-0.01615968821091246,-1.1099264236525868,-0.3627873065266795,-0.7402331792050693,-0.042733681367526956,0
1.263344110220526,11.0,-1.3575374051135096,-0.030434189899575036,0.9289420706440856,-0.49712122372753575,-0.7329215695680817,0.18350953496635725,0
-1.1530273445505022,7.0,1.9090597746369904,-0.038389946875439895,-0.775703546923197,-0.19779677210298638,-0.9655484141103985,3.4331848241257847,1
-1.3264694489921975,7.0,-1.216126271790977,-0.046467100266318714,-0.9744699227253187,-0.7517883982951966,-1.5027416187037832,-0.20727420233762456,0
-0.7969199516211082,12.0,0.6363595747341982,-0.008927404819474277,-0.11040512950026099,0.029110473483365526,-0.9586570119238126,-2.5519766261615153,0
1.6068627561233417,23.0,1.216145221356581,-0.005317394255826598,2.43796864844509,1.4109514600355693,2.140456976277948,-0.26897689770141114,0
0.5205823443319387,19.0,1.1030163146985554,0.06739292720546848,0.2270861346509664,-0.5229500272144928,2.05599527874723,0.20407710008761945,0
-0.9558721513220071,9.0,-0.2969539051945162,-0.034104285557522554,-1.1420050409409925,-0.4108844008703823,-0.762420132586273,-0.41294985355024655,0
1.4003302309260688,13.0,-0.5797761718395811,-0.01302054859034926,-0.0905527021972476,-0.2560322752920368,0.07488523308392296,0.22464466520888166,0
-0.9453900925733459,12.0,-0.3676594718557824,-0.04092087819451897,-0.2797560185058446,-0.6205925600226624,-1.2618787081335954,-0.8654362862180149,0
1.0502859896258023,5.0,9.47478280218626e-06,-0.03242803404919838,0.42149466055730467,0.17460870994844385,-0.38196430699267897,0.24521223033014386,0
-0.4277870592172749,6.0,1.8242130946434707,-0.017265744436595273,-0.9926276306244164,0.6226901723097904,-0.43020412229878074,3.4331848241257847,1
0.18600427795004,8.0,-0.6221995118363407,-0.02899827876845023,0.13738705762942424,0.184203989748505,1.3186152447825308,-1.585301065462192,0
-0.22418334455271627,8.0,3.210042201204289,-0.013914467646361202,0.9015844574094453,-0.05012601945676215,-1.1740553509996645,-0.042733681367526956,1
1.252862051471865,9.0,-0.6080583985040875,0.005797121963229977,-0.5098747032804082,-0.1638813806084306,-0.3223788905257344,0.18350953496635725,0
-0.36314769693386423,12.0,-0.466647265181555,-0.01665017877662546,1.2850752482383865,0.6456222875552196,0.306251455275035,-0.31011202794393555,1
-0.7725388885022859,4.0,1.0323107480372893,-0.04192638385423062,-1.3447661124809158,-0.40388407095335654,-1.2300269833931554,-0.2895444628226734,1
-0.22418334455271627,6.0,-0.07069609187846404,-0.005149401237069896,0.021056675689205634,0.7944999936354138,0.03849526787914581,-0.042733681367526956,1
-0.2221794215566487,11.0,-0.410082811852542,-0.024778833676904147,0.24124914681226253,-0.1887446213482117,0.7164579683570611,-1.173949763036948,0
-0.22418334455271627,17.0,0.39596064808589315,0.03058406270153642,2.463389439503827,2.8034136368067086,5.468752107928733,-0.042733681367526956,0
-0.22418334455271627,11.0,-0.7353284184943667,-0.031526757634700746,-0.48566442608161137,0.1310376909821284,-0.5021436378075319,-0.042733681367526956,1
-0.22418334455271627,15.0,-0.18382499853649012,-0.006725102179422908,1.864427181605594,0.2460603532394653,0.3362542672337081,-0.042733681367526956,1
-0.8052439394509273,9.0,0.6646418013987047,-0.03649420083895915,0.11160311241270567,-0.10618900646466665,-0.6854381276727027,-0.022166116246264755,0
0.037200149831790943,13.0,-1.102997365132951,-0.014593797079873707,1.212444416641996,0.06586220554775071,-1.0006777569639709,3.4331848241257847,1
-0.5355621485570633,22.0,-0.4383650385170486,0.04202966005244927,0.8979529158296257,0.6123707204493473,-0.6157677323961201,0.14237440472383284,0
0.08051571613140557,7.0,-0.12726054520747732,-0.03399269895382285,-0.39451273242814144,-0.029909549437765373,1.2133112577118939,-0.001598551125002556,1
2.8973120916294763,8.0,-0.31109501852676913,-0.025242347261502932,0.7482123513550675,0.1417192288727625,1.5568728691602287,0.10123927448130844,0
-0.22418334455271627,10.0,0.29697285476012003,-0.022545875376495716,-0.9754383338132706,0.19633387175990308,0.21531856300813226,-0.042733681367526956,0
-0.49532954071293733,6.0,-0.18382499853649012,-0.04545668970094994,-0.9316177320834484,-0.7823846678463351,-1.3066728223464044,0.10123927448130844,1
-0.45322146647505573,23.0,0.11313838144082825,-0.023227657262836786,0.10421897786707264,-0.2401608376353319,0.14749708051331664,0.12180683960257065,0
-0.5258251381018119,8.0,-0.7636106451588731,-0.045170978946422115,-0.715177853926205,-0.5819097024639253,-0.2311938737885907,-0.39238228842898437,0
-0.22418334455271627,9.0,1.1595807680275683,-0.0013088601075371075,0.8488060531160682,0.27732044717928717,0.8095759393660521,-0.042733681367526956,0
-0.22418334455271627,5.0,0.4666662147471594,-0.0497546132830101,-0.995048658344296,-0.6911389882382063,-1.3018824574118262,-0.042733681367526956,0
0.7324586641853916,11.0,0.3818195347536397,-0.042226809325729836,-1.116826352654244,-0.3794432639154649,0.34297758644013343,-0.659760635005393,0
-0.22418334455271627,7.0,-0.6787639651653538,-0.03252245348309813,0.8996476352335415,0.18360051303152003,0.5836724140301607,-0.042733681367526956,0
0.022453331886370543,13.0,-0.410082811852542,-0.041380713099874906,-0.4869959913275452,-0.42681618619878575,-0.050084462665508055,3.4331848241257847,1
0.00033310496823994495,18.0,-0.2969539051945162,-0.018233237077464166,1.5432778545635544,0.6527433128156424,0.5223221262715294,-1.37962541424957,1
-0.5167817932990454,14.0,0.0989972681085748,-0.0090169193477169,0.6826025001463282,0.7650503298465469,0.11892297388600895,-0.18670663721636235,1
-0.6417957586691075,5.0,-0.25453056519775635,-0.04222313064648699,-0.14006271906878706,-0.5283813176673576,-1.2547351814767684,-0.022166116246264755,1
-0.31826496008604294,14.0,-0.3818005851880356,-0.019786865944360094,-0.5125378337722758,0.08740632434411445,0.7969697158540046,-1.8732469771598628,1
1.8248022276059221,5.0,0.39596064808589315,0.0009179670607999115,-0.2448932193395772,1.7703821926718226,0.19203907025588454,0.26577979545140606,0
-0.8629723365299511,8.0,-0.806033985155633,-0.050009668377180856,-0.5679793685575205,-0.8073686039295132,-0.5792096842111824,3.4331848241257847,1
-0.22418334455271627,15.0,0.3393961947568799,-0.012262740666322675,-0.3856759812505806,-0.22724643589185334,-1.029083780611118,-0.042733681367526956,0
-0.22418334455271627,13.0,0.028291701447308578,-0.010403781422270407,1.2532387337219688,0.7058492639103204,0.5583759255159852,-0.042733681367526956,1
-0.22418334455271627,15.0,-0.9333040051459123,-0.03567508159421844,-0.7069463596786141,-0.2697311967675958,-0.7967090605390421,-0.042733681367526956,0
-0.22418334455271627,7.0,-0.3676594718557824,-0.03289154763379717,-0.6846729046557211,-0.4800428326368608,-1.2148995151786983,-0.042733681367526956,0
0.10212211664028806,12.0,1.1171574280308083,-0.021221550849070618,-1.3931866668785093,-0.4979660911313147,-0.659217182767644,0.3069149256939305,0
-0.22418334455271627,8.0,-0.862598438484646,-0.02732080103371177,-0.15507309093204108,0.22825779008840844,0.031687907182640154,-0.042733681367526956,0
-0.5117719858088764,8.0,-1.1737029317942174,-0.0354114429151477,1.0450303498123164,-0.1779423881141806,0.07942347354826007,-1.4207605444920943,1
-0.22418334455271627,12.0,1.0464518613695422,-0.03264017121886925,-0.4992221813129376,-0.3347859868585765,0.18523170955937887,-0.042733681367526956,1
-0.0048051591242410305,6.0,-1.0181506851394317,-0.047313196492173644,-1.3935498210364914,-0.7753239902576108,-0.4776035227040794,0.32748249081519265,0
-1.1550312675465697,13.0,1.498967488001646,0.001159533664413564,-0.7468933170566289,-0.3153540365716602,-1.0648014138952526,0.060104144238784046,0
0.6005851162518675,18.0,1.3575563546791134,0.05244277476253626,0.7387703432475368,2.5360131035106646,1.6011627344325556,0.22464466520888166,0
-1.377209806905447,4.0,-1.0747151384684446,-0.04466945234298057,-1.0968528739652366,-0.5219844644673168,-1.2707030645920288,-0.5774903745203441,0
-0.1947667826232627,9.0,-0.32523613185902256,-0.017219147832852538,0.9306367900480014,0.1224079739292432,-0.6575363529660376,0.18350953496635725,0
-0.8773337846684354,8.0,-0.5090706051783148,-0.033049730841239605,-1.2279515249967212,-0.7326581863667728,-1.2734764337646791,0.32748249081519265,0
-0.69310132563253,8.0,0.5939362347374384,-0.04706917743573143,-1.0334219477043889,-0.6109369325509026,-0.5923201566637118,-0.8037335908542284,0
-1.5116781782056743,8.0,0.3818195347536397,-0.050585994791893636,-1.304456000944919,-0.7452105020800603,-1.1158145983740049,-1.8526794120386005,1
-0.20476070628313817,15.0,-0.2686716785300098,-0.02579047046868721,0.16849726382987815,-0.1359404086120261,-0.009660505936875695,-0.6803282001266552,0
0.7666281204003902,12.0,0.565654008072932,0.0036696191344498404,2.5011574719339498,1.2055279855738825,1.5961202450277368,0.060104144238784046,0
0.37550345768073834,9.0,-0.04241386521395765,-0.03911587291269513,2.5337202947663315,-0.5318814826258705,-0.6021530110031088,-0.8448687210967528,0
-0.22418334455271627,12.0,1.3999796946758734,-0.01728781651205236,0.7041496468532573,-0.096291988306113,0.23775764085957685,-0.042733681367526956,0
-0.27536045491382677,9.0,-1.046432911803938,-0.027839494806953267,-1.1099264236525868,-0.0023306634715518537,0.7485618175677421,-1.3179227188857834,0
-0.22418334455271627,17.0,1.1454396546953147,0.09659918794084905,2.0060573032185554,0.9159195090927914,0.2581797229490938,-0.042733681367526956,0
0.04781066518276415,9.0,-0.5514939451750744,-0.02934162216444933,1.235686282752841,0.14558147986146638,0.6626714147056584,-1.4413281096133566,0
-0.941330863940286,17.0,1.5272497146661528,-0.022750655187680893,-1.577668979133341,-0.40303920354957756,-0.052185499917515976,-0.042733681367526956,0
0.1075943678987803,9.0,-0.5514939451750744,-0.00131008633395139,2.265833577561645,0.9998027727537034,0.04984086903998857,-0.12500394185257577,0
-0.22418334455271627,22.0,-0.18382499853649012,-0.026706461600156238,-0.9693857645135714,-0.7030274795628104,0.34045634173772393,-0.042733681367526956,0
2.036164721050127,6.0,2.5878332145851464,-0.00875205444223188,-0.7419302102308755,-0.7871521339105164,0.29381331474314815,0.36861762105771706,0
0.04853002215571149,6.0,1.2868507880178472,-0.04966755120759604,-1.479617356478214,-0.7088812037175647,-0.14219393579353523,-0.35124715818645996,0
0.5262858174745926,21.0,0.028291701447308578,0.007846146301496035,1.8836743519786374,0.3709196859836574,0.05664822973649423,0.24521223033014386,0
-0.22418334455271627,5.0,-0.3818005851880356,-0.0286218272592655,-0.24126167775975768,-0.8904673478583447,-1.5098851453606101,-0.042733681367526956,0
-0.36766936933524746,19.0,-0.08483720521071748,-0.01931967368051846,0.4184683759074551,-0.05694530635869241,-0.06580022131052729,-1.173949763036948,1
0.012562173508344666,9.0,-0.18382499853649012,-0.02813501537279535,0.037761766956375425,0.4315087483689492,0.8431925353981788,-0.12500394185257577,1
1.0497207805756295,7.0,0.565654008072932,-0.04141014253381769,0.11789778448439284,-0.3329152090359231,-0.8456212077657865,-0.18670663721636235,0
-0.24376013074506878,10.0,-0.466647265181555,-0.003750276898373564,1.136787300395756,1.2302705309702668,0.22321846307568205,-0.6391930698841307,1
2.2486576325946777,13.0,0.21212617476660087,-0.047540048378815904,-0.359892036033862,-0.7324771433516774,2.5880619524457154,-1.1328146327944235,0
0.7591776374662927,5.0,1.6545197346564318,-0.02077643066068607,2.4888102305625632,-0.89668315804329,-1.4661835705188455,-1.6058686305834542,1
0.07761259691915381,10.0,-0.6080583985040875,-0.006602479537994658,0.6738868003547613,-0.21578037826913876,-0.7035070480399709,0.36861762105771706,0
-0.7744914288574287,7.0,-0.22624833853324994,-0.042069852344701675,-0.6098631481114389,-0.47702544905193595,-0.8409148843212888,-0.4335174186715088,0
8.545189216802715,14.0,1.5272497146661528,-0.005746573500825474,2.5562358525612123,-0.48143082908592627,5.140738172145256,-0.49522011403529537,0
-0.7188440287358597,4.0,-0.7353284184943667,-0.05407706139335591,-1.2691089962346758,-0.8922174303376011,-0.14690025923803296,-0.6803282001266552,0
-1.0222842147173237,13.0,-1.0322917984716848,-0.04150333574130316,-0.7472564712146108,-0.4975436574294252,-0.8718421526708453,0.16294196984509504,0
-0.9638364606653527,19.0,1.7535075279822046,-0.03200008103061379,-0.8342924177442853,-0.3951336585570744,-0.5073542101925116,-0.12500394185257577,1
-0.22418334455271627,6.0,-0.4242239251847952,-0.038268550460425925,-0.5556321271861341,-0.18258915883496493,-0.3503647067224798,-0.042733681367526956,0
-0.22418334455271627,6.0,-0.32523613185902256,-0.042049006495658875,-1.2152411294673529,-0.9127959863867889,-0.4549123203823939,-0.042733681367526956,0
0.08061848141325519,8.0,1.371697468011367,-0.02214367311261106,0.35745847736648717,-0.09985250093632438,-1.0098382793827254,-0.001598551125002556,1
-0.09423664565387241,6.0,-0.18382499853649012,-0.03711835008382894,-1.4005708014241425,-0.08392071560792094,-0.8739431899228532,0.10123927448130844,1
-0.22418334455271627,10.0,0.4383839880826525,0.005757882717972937,0.7315072600878977,-0.1643641619820186,0.6387195900327681,-0.042733681367526956,0
-0.878258672205082,9.0,-1.216126271790977,-0.03877620819593888,-0.30275578184470153,-0.26948980608080186,-0.6795552233670806,-0.042733681367526956,0
0.44880079495997943,14.0,-0.056554978546211096,-0.03536729876423353,2.626082502279741,-0.17727856372549713,0.950177352270422,3.4331848241257847,1
-0.4995942999096965,12.0,-0.9333040051459123,-0.04365291064554038,-1.2275883708387392,-0.5427440635316001,-0.699809222476437,0.16294196984509504,0
-0.22418334455271627,14.0,-0.8908806651491524,-0.008955608027002775,0.32780088779796107,-0.08319654354753897,0.06580875215524876,-0.042733681367526956,0
-0.5180663593221656,10.0,-0.5514939451750744,-0.028852357825150613,-0.12953124848731046,-0.30268102551497567,-1.0347145604464991,0.22464466520888166,0
-0.5440659756301194,16.0,-0.6080583985040875,-0.03301171782239685,-0.5350533915671568,-0.3037672836055486,0.1663223742913076,-0.5157876791565575,0
-0.22418334455271627,14.0,0.05657392811181497,-0.04120168404338966,0.08025080344026381,-0.614618140524511,0.5562748882639774,-0.042733681367526956,1
-0.8757666141202287,9.0,-0.01413163854945126,-0.006650302368151675,-0.04140583948369011,-0.18059768566891451,-0.6865306670437469,0.3069149256939305,0
-0.6904551196249024,11.0,-0.48078837851380823,-0.012729932930164308,0.6031927909342747,0.49408928392029144,0.33692659915435064,0.14237440472383284,0
-0.22418334455271627,19.0,-0.8908806651491524,-0.028727282730893797,-0.276850785241989,0.29228666976051465,0.47214935669358027,-0.042733681367526956,0
-0.6508134121514116,4.0,-0.806033985155633,-0.05050138516930814,-1.101937032176984,-0.726864809883717,-1.4221458297167595,-1.9555172376449115,1
-0.8483796665073051,11.0,-1.2585496117877368,-0.04748609441658747,-1.0875319172437,-0.6213770797547428,-0.6122379898127469,0.12180683960257065,1
-0.5456845288192509,14.0,-0.2121072252009965,-0.049633216867996134,0.2247861583170807,-0.728795935378069,-0.1816093946412038,-1.3179227188857834,1
-0.22418334455271627,12.0,-0.9474451184781654,-0.036933189895272285,0.04793008337987008,-0.3572353207304177,0.7712530198894276,-0.042733681367526956,0
-0.22418334455271627,10.0,0.042432814779562025,-0.025688693676301763,0.4912202588898395,-0.3385878901755819,-1.0230327933253351,-0.042733681367526956,0
-1.064495054237055,10.0,0.08485615477632136,-0.04184667913730226,-0.9772541046031804,-0.6720087763097825,-1.2880996530386544,-0.49522011403529537,0
-0.22418334455271627,8.0,-0.1555427718719837,-0.030531061786303354,0.7789594033975394,-0.14909620104229862,-0.2519521218384289,-0.042733681367526956,0
-0.5580163626412052,8.0,-0.7777517584911263,-0.03704600272538627,0.358668991226427,-0.5922895019960669,-0.5057574218809855,3.4331848241257847,1
-0.22418334455271627,15.0,0.1555617214375876,-0.022505409904824393,2.611677387346457,-0.8282488983371934,-0.8370489757775942,-0.042733681367526956,0
2.953062257032895,15.0,0.8767585013825033,-0.026365570656985703,-1.465333292930924,0.31570156637953184,1.6673874286158452,-1.0505443723093748,0
-0.22418334455271627,11.0,-0.989868458474925,-0.01663546405965407,-0.23557226261804043,-0.44558431209701854,0.2584318474193348,-0.042733681367526956,0
-0.1532753000764788,12.0,-1.088856251800698,-0.04383316592843991,-0.5118115254563119,-0.3524075069945379,0.21758768324030084,-0.3306795930651978,0
-1.4376871752739482,4.0,-1.4848074251037886,-0.04998269139606664,-1.2284357305406972,-0.7019412214722375,-1.301042042511023,-1.790976716674814,1
-0.22418334455271627,11.0,3.9878034344782174,-0.0032107372760892643,2.167176697976548,0.9451881298665629,0.06068222126034943,-0.042733681367526956,0
0.5302936634667277,16.0,1.9373420013014968,0.29201553422656534,-0.9751962310412826,4.656630286995878,1.4604772800381054,0.3480500559364548,0
-0.22418334455271627,7.0,-0.9333040051459123,-0.03960268479916529,-1.2118516906595214,-0.8404994756919885,-0.6927497373096904,-0.042733681367526956,0
-0.618416657048319,8.0,-0.33937724519127577,-0.017043797455610143,-0.2123303965071955,0.01245451609458012,-0.9812641727554178,0.14237440472383284,0
-0.3058817436231638,28.0,-0.22624833853324994,0.041712067411150106,-0.4219913970487758,-0.433273387070525,-0.543828216887369,0.08067170936004625,0
-0.7465649635147946,8.0,-1.4565251984392822,-0.03361502121822384,-0.11573139048399628,-0.16249338415936515,-0.09227329068582707,-1.5647335003409297,0
-0.22418334455271627,14.0,0.05657392811181497,-0.029913043673504974,-0.29222431126322496,-0.5432871925768866,-0.1164772398289583,-0.042733681367526956,0
-0.22418334455271627,3.0,-0.7777517584911263,-0.030555586314589003,-1.5792426471512628,0.28335521434913696,-0.5967743556379685,-0.042733681367526956,0
0.682540428526939,8.0,0.8908996147147568,-0.0010954967114519527,-1.5819057776431305,1.7888485802115628,1.964726220520006,-0.39238228842898437,0
-0.22418334455271627,4.0,-0.989868458474925,-0.04799988328417184,-1.1020580835629779,-0.6543872561738211,-0.3456583832779821,-0.042733681367526956,1
0.7756714652031567,6.0,0.8060529347212371,-0.03690253423491522,-0.9926276306244164,-0.8176880557899563,0.20321658843656665,0.12180683960257065,0
-0.7865920407952214,6.0,-1.329255178449003,-0.04653699517193282,-0.7143304942242471,-0.5761766736525679,-0.5452569222187345,3.4331848241257847,1
-0.22418334455271627,9.0,1.5272497146661528,-0.04873316667991277,2.492199669370395,-0.628075671313276,2.731268651542575,-0.042733681367526956,1
-0.3739637428485367,8.0,3.224183314536542,0.09238587398137439,0.9518207825969486,2.078819142722845,0.6056912844312037,-2.8604901029804486,0
1.0589182733011704,16.0,-0.09897831854297043,0.019996823840621323,1.3131591697889908,1.448367016488638,3.162905744595082,-0.659760635005393,1
-0.22418334455271627,11.0,-0.6080583985040875,-0.035575757254661555,-1.2948929414513943,-0.7097260711213437,-0.601144513122145,-0.042733681367526956,0
-0.22418334455271627,17.0,0.32525508142462695,0.046397478540123535,1.7460389261034777,2.1572107682591937,3.7927126712569756,-0.042733681367526956,0
0.3416422973112887,14.0,2.743385461239932,-0.006841593688779745,2.294401704656225,0.7749473480051005,0.2584318474193348,-0.26897689770141114,1
-0.8742765175334092,9.0,-1.27269072511999,-0.045785318379977645,-1.3451292666388976,-0.671827733294687,-0.7226685077782831,3.4331848241257847,1
-0.22418334455271627,17.0,1.0181696347050357,0.04768869495436301,1.214623341589888,0.8430798693527045,0.5777054682344581,-0.042733681367526956,0
0.43592944340831463,10.0,-1.6545007850908278,-0.01681204066331075,1.2488808838261853,0.6125517634644427,1.1999486607891234,3.4331848241257847,1
-0.9581843701636236,8.0,0.0989972681085748,-0.04287670932529956,-1.5043118392209867,-0.6510077865587053,-0.7390565983439449,-0.16613907209510015,0
-0.4144789552177492,13.0,-0.7494695318266199,-0.022587567074581323,0.5285040857759865,0.19331648817497818,-0.04537813922101032,-0.22784176745888676,0
-0.22418334455271627,15.0,-0.466647265181555,-0.03296389499223983,-0.5984843178280045,-0.4924744530067514,-0.5645864649372073,-0.042733681367526956,0
0.1728760131937511,11.0,-0.5797761718395811,-0.027223929146983454,-0.4975274619090218,0.3413493268513934,0.40869803168294117,-0.37181472330772214,0
0.4812746240244592,8.0,0.42424287475039957,-0.019994098208373834,-0.9905697570625186,-0.43254921501014304,-1.2205302950140795,0.28634736057266824,0
-0.15558751891809525,9.0,-0.2686716785300098,-0.046258641775890695,0.028319758848844676,-0.6586719408644145,-0.3997811028897061,-0.6186255047628686,0
-0.22418334455271627,14.0,-0.7494695318266199,-0.02362127594182147,-1.1268736176917447,-0.7440035486460904,-0.2648945113107977,-0.042733681367526956,0
-0.5717612190885918,18.0,-0.08483720521071748,-0.017732936700436908,-1.0483112681816489,-0.335087725217069,-0.17900410844871398,-0.26897689770141114,1
-0.8798772253942135,6.0,-0.9615862318104186,-0.05012125498088057,-1.2158463863973228,-0.7522108319970862,-1.295243179695481,-0.18670663721636235,1
-0.2775185258326688,11.0,-0.7918928718233798,-0.03786512197012698,-0.9926276306244164,-0.6067729432037063,0.27784543162788794,3.4331848241257847,1
-0.8174216253501072,17.0,-0.028272751881704205,-0.045828236304477535,-0.9646647604598061,-0.5872806452450915,-0.6561916891247526,0.018969013996259644,0
-0.22418334455271627,8.0,-0.9191628918136587,-0.03454695329307854,-0.005695680615464829,-0.08361897724942846,-0.9542028129495558,-0.042733681367526956,0
0.29478132878786223,12.0,1.8524953213079771,-0.016848827455739224,-1.0898318935775855,0.05499962464202111,0.21859618112126464,0.14237440472383284,0
0.65659219485991,11.0,1.371697468011367,-0.013622625759761968,0.8928687576178783,0.5465314106262861,0.32390016819190154,-1.3590578491283078,1
-0.8822151355562924,5.0,-1.0747151384684446,-0.04264617875941445,-0.4299807885243787,-0.39290079470422995,-0.6367781049161994,-0.08386881161005136,0
0.7936040068859153,11.0,-0.9050217784814056,-0.011756309157224004,2.545583330593742,-0.5105184068446023,-0.8889025751571497,-1.790976716674814,0
-0.5926225713040646,13.0,-0.6363406251685939,-0.0262956757513716,-1.08571614645379,-0.5244587190069553,-0.6226591345827062,-0.001598551125002556,0
-0.22418334455271627,12.0,0.8908996147147568,-0.03991782498763589,-1.1082317042486711,-0.6227047285321098,-0.1781636935479108,-0.042733681367526956,0
0.15460948434498123,15.0,0.5232306680761721,-0.026963969147155563,0.24488068839208205,-0.03733231305668061,0.2198568034724694,-0.31011202794393555,0
-0.22418334455271627,12.0,0.16970283476984102,0.006763388377684587,-0.382407593828743,0.5473159303583666,1.0739704671587287,-0.042733681367526956,0
-0.2656491357790377,12.0,-0.7211873051621135,0.004156431020919993,1.7243707280105545,-0.7632544559179113,1.4779579099748112,-0.7214633303691795,0
-0.20206311763458568,13.0,-0.523211718510568,-0.04057140366644846,-0.9450544359287807,-0.48312056389348423,-0.4324732425309493,-0.41294985355024655,0
-0.22418334455271627,20.0,-0.25453056519775635,0.008367292527566097,-0.1821886013946935,1.4841531858058472,0.8069706531735623,-0.042733681367526956,1
1.7774017413527852,11.0,1.6262375079919253,-0.02902893442880729,0.20154429220623576,0.2694752498584825,-0.4686110832654855,-0.14557150697383797,1
-0.22418334455271627,24.0,0.3818195347536397,-0.017541645379808835,0.4977570337335146,0.13779663021236016,0.4129841476770373,-0.042733681367526956,0
-0.5502318925410965,15.0,0.32525508142462695,-0.016937115757567563,0.4835940215722185,0.3188396453078537,-0.3716272037128,-1.2562200235219967,0
-0.21231395449908522,21.0,1.597955281327419,0.07219482984379876,-0.3457290238725659,-0.024538606656599064,-0.5941690694454788,0.36861762105771706,0
0.9892691035275908,5.0,1.0040285213727824,-0.022175554999382403,2.5693094022485625,0.6211814805173279,0.5932531438993167,-0.9271389815818015,1
-0.6603192007225014,10.0,1.4706852613371395,-0.014786314626916059,-0.5005537465588714,-0.3433553562397632,0.45861867679064927,3.4331848241257847,1
-0.4734919183198932,15.0,1.442403034672633,0.0653316406030596,-0.46859618065645964,3.8809213149833877,0.7652860740937252,-1.400192979370832,0
-0.22418334455271627,16.0,1.0747340880340486,0.01363761365615228,-0.24610373319951703,-0.019891835935814728,0.27439973053459493,-0.042733681367526956,0
-0.7895722339688603,12.0,0.1555617214375876,-0.0222037582069109,-0.253851021903132,-0.18439958898591988,-0.8668837047561067,3.4331848241257847,1
-1.0158100019607976,12.0,-1.7393474650843472,-0.039189446497552086,-1.0998791586150862,-0.6539648224719317,-0.5693768298717853,-1.3590578491283078,0
-0.5709647881542572,10.0,-0.6787639651653538,-0.03711712385741466,-0.7030727153268066,-0.7383308675064316,-1.0591706340598714,0.08067170936004625,0
1.0216144759897585,17.0,0.11313838144082825,0.04083286307210955,-0.7102147471004517,1.544380162160948,1.5329210444873385,0.018969013996259644,0
-0.4744681884974646,12.0,1.6545197346564318,-0.036212168763674175,-0.5168956836680593,-0.5821510931507192,-0.2499351260765013,-0.49522011403529537,0
0.6545882718638425,8.0,-1.2444084984554835,-0.04193741989195916,-0.7045253319587345,-0.41812612147420203,0.0700108266592646,0.26577979545140606,0
-1.0996921632705496,3.0,-0.9050217784814056,-0.049256765358811405,-0.511206268526342,-0.9082699110094016,-0.9410923404970264,0.22464466520888166,1
-0.5714015406021181,4.0,-0.5373528318428212,-0.04628929743624775,0.16740780135593228,-0.8445427696957879,-1.370292230337204,-0.5157876791565575,0
-0.646394505031878,11.0,-0.9050217784814056,-0.04023173894969221,-0.45322265463522365,-0.2560322752920368,-0.33977547897235993,-0.042733681367526956,0
-0.22418334455271627,8.0,-1.2868318384522435,-0.043159967626998814,-0.616642025727102,-0.615221617241496,-0.5518121584449991,-0.042733681367526956,0
-0.22418334455271627,5.0,-0.7070461918298601,-0.03765543725328468,-0.9658752743197458,-0.6481714459888759,-0.6880434138651926,-0.042733681367526956,0
-0.9395838541488424,4.0,-1.2444084984554835,-0.05112921309342078,-1.5154485667324333,-0.8875706596168168,-1.4387860447526621,0.24521223033014386,0
-0.60464610928047,9.0,-1.0040095718071784,-0.04754250083164447,-0.2470721442874689,-0.5941602798187203,0.48492366318578844,-1.2150848932794724,0
-0.9923795176990844,20.0,-0.7636106451588731,-0.034804460840077864,-0.5888002069484858,-0.3287512196887267,-0.6089603716996145,-0.9888416769455882,1
-0.7691219428807861,11.0,0.042432814779562025,-0.027606511788239592,-0.4301018399103727,-0.37189980495315267,-0.4648292162118713,-0.12500394185257577,0
-0.8892288660425288,17.0,1.1595807680275683,-0.04627826139851921,-0.25966148843084325,-0.5497443934486259,-0.819484304350808,-0.7214633303691795,1
-0.011895963571864775,11.0,-0.2403894518655029,-0.03079470046537409,-0.8079032155975968,-0.6044193840074649,-0.702750674629248,-0.556922809399082,0
-0.12175204986910802,24.0,-0.6080583985040875,-0.028315270655694877,-1.3318136141795596,-0.31813002946979113,0.15716185187255308,0.03953657911752184,0
-0.015852426923075126,8.0,1.0747340880340486,-0.048059968378471686,1.576203831553918,-0.5718919889619746,-0.4019661816317943,-0.9888416769455882,0
-0.2784434133693154,10.0,-0.4525061518493018,-0.045594027059349576,-1.1347419577813536,-0.5090097150521398,0.03538573274617409,-1.071111937430637,0
-0.7493139348042719,12.0,-0.09897831854297043,0.039504859865441604,-0.4245334761546495,0.7127288984839492,-0.09613919922952165,0.3480500559364548,0
-1.0478213872569542,9.0,-0.32523613185902256,-0.035337869330290754,0.06632989405095564,-0.5933757600866398,-0.8876419528059449,3.4331848241257847,1
0.10065771137393098,9.0,-0.4949294918460614,-0.04402568347548226,0.07250351473664883,-0.47931866057647887,-0.2709454985965805,-0.16613907209510015,0
-0.9412537899788987,6.0,-1.1171384784652043,-0.03754630310241353,-0.7023464070108427,-0.5137771811163211,-0.9618505885468646,-0.022166116246264755,0
-0.22418334455271627,5.0,-1.8100530317456134,-0.04063026253433402,0.09284014758363815,-0.4913278472444799,-0.8097354915014913,-0.042733681367526956,0
-0.3577782109572216,10.0,-1.4565251984392822,-0.03304482593558248,0.933420971925863,-0.3999011246212557,0.2174196002601402,-0.45408498379277096,0
0.750057218702139,12.0,-0.33937724519127577,-0.041977885363630486,-0.737451308949098,-0.4667663448631913,1.1429685305146686,0.24521223033014386,1
-0.9768876514602544,12.0,-1.0605740251361913,-0.039906788949907346,-0.722804091243826,-0.5120270986370647,-0.8115844042832582,-0.001598551125002556,0
1.599720569034793,11.0,0.3535373080891333,0.028078882137157275,0.8333114757088382,2.7647307792479716,2.990872814400673,0.24521223033014386,1
-0.22418334455271627,5.0,-0.31109501852676913,-0.04734262592611642,-0.6718414577403587,-0.6840179629777836,-1.012611648555376,-0.042733681367526956,1
0.36401943743404336,11.0,0.01415058811505513,-0.005950127085596368,-0.9744699227253187,1.0731251938673783,0.11077094934821823,0.18350953496635725,0
-0.8796460035100518,4.0,-1.046432911803938,-0.05229658063981772,-1.577426876361353,-0.7758067716311988,-0.8551178961448623,-0.31011202794393555,0
-0.22418334455271627,19.0,0.1555617214375876,-0.04485093385229438,-1.3164400881583236,-0.4639903519650604,-0.37734202503826153,-0.042733681367526956,0
-0.21565382615919784,8.0,-0.056554978546211096,-0.02599647650628667,0.4236735855051964,0.0691209798194696,0.3123024425608178,0.18350953496635725,0
1.9211960619808652,5.0,0.01415058811505513,-0.05125919309333472,0.10349266955110874,-0.796928456725673,0.5645109542918484,-0.18670663721636235,0
-0.2069958511633674,15.0,-0.410082811852542,0.035303808170109766,-0.8637079045408234,-0.3090778787150164,-0.47676310780327624,0.3069149256939305,0
-0.8720670639736424,18.0,-0.8201750984878862,-0.011980708591037701,0.18266027599117426,-0.20359014858604219,-0.5652587968578499,-0.9065714164605394,0
-0.7449977929665879,14.0,-0.18382499853649012,-0.018023552360621857,-0.8374397537801289,0.2545693749489535,0.2912080285506583,3.4331848241257847,1
-1.0764415182520732,10.0,-1.159561818461964,-0.04554865668202113,-1.0693742093446021,-0.48891394037654,-1.1762404297417526,-0.31011202794393555,0
0.48266195532942907,15.0,1.6403786213241784,0.2893840523415151,-0.6344365794682177,2.1378995133156744,0.04984086903998857,-0.022166116246264755,1
-0.22418334455271627,12.0,0.9050407280470097,-0.02233741688606769,0.10518738895502451,0.18076417246169063,0.5923286875084333,-0.042733681367526956,0
0.01795735080544969,8.0,1.3434152413468605,-0.027162617826269327,0.9635627670383651,-0.14312178154414734,-0.9589091363940535,-1.688138891068503,0
5.829359730721896,7.0,1.4565441480048866,-0.00759940161280633,0.6893813777619913,-0.699466966932599,-1.3244055767533511,-0.12500394185257577,0
0.7826338130484684,3.0,0.3535373080891333,-0.052166600639903776,-0.20954621462933387,-0.7619268071405443,-0.6473673326663193,-0.6391930698841307,0
-1.2562036875275202,5.0,-0.18382499853649012,-0.03604785442416032,-1.0596900984650834,-0.19870198717846385,-0.6606458880990094,0.12180683960257065,1
-0.22418334455271627,7.0,-0.8343162118201394,-0.040695252534290995,-0.8748446320522699,-0.5571068093958426,-0.5600482244728702,-0.042733681367526956,0
-0.22418334455271627,10.0,1.216145221356581,0.008678754036793851,2.463026285345845,1.867421248763007,0.5725789373395588,-0.042733681367526956,0
-0.22418334455271627,33.0,1.5413908279984057,0.066158117206286,0.6293398903089752,1.158517149320753,0.5972030939330917,-0.042733681367526956,0
-0.3839319751879498,9.0,-1.0322917984716848,-0.04356094366446919,-0.3842233646186528,-0.4301956558139016,-0.03209958378832027,0.22464466520888166,0
-0.22418334455271627,7.0,-0.9615862318104186,-0.04099813045861877,-0.4861486316255873,-0.31988011194904753,-0.3188491479423611,-0.042733681367526956,0
0.11586697308767467,6.0,1.4706852613371395,-0.012424602553007966,0.3252588086920874,0.1476936483709138,0.027317749698463678,0.3480500559364548,0
-0.22418334455271627,13.0,1.442403034672633,-0.023187191791165462,-0.2830244059276822,-0.20455571133321815,-0.7939356913663917,-0.042733681367526956,0
1.304964049369622,17.0,-0.9757273451426718,0.09087393681256407,-0.9256862141697432,1.8899309303065468,1.7801711083036305,0.22464466520888166,0
0.7227216537301402,10.0,1.6262375079919253,-0.04711577403947416,-0.4972853591370338,-0.5969966203885497,0.8934493464662082,0.060104144238784046,1
0.13225803554268897,12.0,0.08485615477632136,-0.040116473666749655,0.15336584058063013,-0.5645295730147578,0.6555278880488314,-0.5157876791565575,0
-0.8680849093019697,6.0,-1.442384085107029,-0.045473856870749896,-1.199141295130153,-0.544071712308967,-1.2801997529711044,0.060104144238784046,0
-0.22418334455271627,12.0,-1.5130896517682952,-0.01114196972366847,2.0107783072723207,0.8073540477071938,1.1004435365340284,-0.042733681367526956,1
-0.21955890686948337,11.0,1.5838141679951656,-0.0074068840657639775,1.2396809784906426,0.19440274626555115,-0.266827465582645,-0.26897689770141114,0
-0.03712484026594636,7.0,-0.32523613185902256,-0.02474449933730424,-1.0878950714016817,-0.2871113262167632,-0.4608792661780964,0.060104144238784046,0
-0.22418334455271627,11.0,1.3009919013501008,-0.0026834599179477894,2.3075963057295694,0.3582466749269728,1.5512420893248475,-0.042733681367526956,0
-1.3109775827533674,9.0,-0.9615862318104186,-0.022802156697080758,-1.2947718900654004,-0.3894609774174156,-1.1209411292689042,-0.18670663721636235,1
-0.6162072034885523,11.0,-0.8201750984878862,-0.033465421595681374,-0.48106447341383995,-0.7554092585971065,0.39852901138322283,-1.37962541424957,1
1.4175177243154178,21.0,-0.6080583985040875,0.004730304982804203,1.1928340921109708,0.47574359172394814,0.6586374231818032,0.26577979545140606,0
-0.22418334455271627,6.0,1.1312985413630618,-0.03278241348292602,0.10058743628725311,0.14002949406520457,1.7040295182908634,-0.042733681367526956,0
1.8597424234347928,18.0,1.244427448021088,-0.04305819083461337,0.7539017664967848,-0.7083984223439767,-1.0076532006406371,-0.6803282001266552,0
0.6251460186139265,12.0,-0.8201750984878862,-0.016980033682067453,-0.24283534577767948,-0.28385255194504433,1.2222196556604075,0.32748249081519265,0
1.8273199770112378,4.0,-0.08483720521071748,-0.0367075642350443,1.3351905220398959,-0.2480060349561366,-1.081609711911316,-0.042733681367526956,0
0.03468240042647527,19.0,2.0221886812950163,-0.010045723309299917,-0.7232882967878019,-0.31650064233393166,0.04471433814508925,-0.8243011559754906,1
0.12203288999865185,5.0,-0.09897831854297043,-0.03517723367001974,0.40357905543019507,-0.1643038143103201,-0.8352841044859075,0.16294196984509504,0
-0.031883810891615766,7.0,0.4949484414116658,-0.0347603166891637,0.04454064457203853,-0.2618859994467911,-0.385157883615731,0.14237440472383284,0
-0.5110012461950043,6.0,0.8626173880502499,-0.04194109857120201,-1.1774730970372298,-0.32500966404341985,-0.5118924506568486,-0.762598460611704,1
-0.22418334455271627,13.0,0.4666662147471594,-0.02990078140936215,-0.5193167113879389,-0.28825793197903465,0.6361983453303586,-0.042733681367526956,0
2.0654528263772685,18.0,-0.11311943187522389,-0.0075062084053208605,1.2532387337219688,0.7070562173442904,1.1248996101474005,-0.022166116246264755,0
2.0322082576989167,10.0,0.2828317414278671,-0.028442798202780256,0.5293514454779444,-0.36453738900593596,0.7264589056766189,0.32748249081519265,0
0.5839371405922291,4.0,0.7353473680599708,-0.03570205857533265,0.5278988288460166,-0.12900042636669884,-0.34322118006565294,-0.042733681367526956,0
1.4351933527935523,11.0,0.48080732807941234,0.0030552797008943085,2.421384608563914,1.797840383294639,0.5874542810837748,-1.1122470676731613,0
-0.7715112356837898,14.0,-0.9757273451426718,-0.030560491220246132,-0.2734613464341574,-0.15488957752535443,-0.592908447094274,-0.49522011403529537,0
0.13436472382060619,21.0,-0.8201750984878862,-0.041874882344830756,-0.6481153860855379,-0.4843878649991527,-0.9309233201973081,0.060104144238784046,0
-0.22418334455271627,8.0,0.24040840143110725,-0.04253704460854331,-0.8708499363144685,-0.5301917478183126,-0.433985989352395,-0.042733681367526956,0
0.8765098980180959,5.0,0.18384394810209448,-0.016256560097640777,0.6842972195502439,0.03158472802300394,-0.8719261941609256,0.3069149256939305,0
-0.9569511867814281,9.0,-0.31109501852676913,-0.04002573291209275,-1.0456481376897813,-0.2425143968315733,-0.6895561606866383,3.4331848241257847,1
-0.6144858850175712,7.0,1.329274128014607,-0.04736101932233066,-0.45479632265314546,-0.6213770797547428,-1.1679203222238013,-1.173949763036948,1
0.4821995115611058,14.0,1.4141208080081267,-0.03239369970959847,0.669044744915002,-0.6145577928528125,1.1282612697506131,-1.9760848027661737,1
-0.6240430562295858,15.0,-0.25453056519775635,-0.028520050466880054,0.7470018374951276,-0.018383144143352282,-0.4598707682971326,3.4331848241257847,1
-0.7473100118082043,14.0,-0.33937724519127577,-0.05046337215046538,-0.7504038072504544,-0.7886608257029788,-0.7147686077107334,-0.16613907209510015,0
-0.6115827658053193,5.0,0.45252510141490593,-0.04885211064209818,-0.20918306047135193,-0.7910143848992203,-0.7270386652624595,-1.2562200235219967,1
-0.6907634154704512,17.0,-0.4383650385170486,-0.0016374887865648175,-0.2669245715904823,0.26476813146599965,-0.19480390858381352,0.22464466520888166,1
-0.22772874677652813,13.0,-0.6504817385008473,-0.028982337825064555,0.7087495995210287,-0.3665288621719864,0.2576754740086119,0.08067170936004625,0
0.8094812429316816,11.0,-0.6221995118363407,-0.04880428781194116,-1.0642900511328548,-0.6423780695058201,-0.33195962039489046,-0.06330124648878915,0
-0.6895559234087182,14.0,1.612096394659672,-0.02643301310977124,-0.2653509035725605,-0.1415527420799864,0.28187942315174314,3.4331848241257847,1
0.11856456173622718,12.0,-0.7636106451588731,-0.006282434443866926,0.6862340417261477,0.2735185438622818,0.24607774837752822,0.14237440472383284,0
1.2288920494804412,18.0,0.05657392811181497,-0.009568721234144024,1.3557692576588731,0.3333230865154932,1.0900223917640692,0.10123927448130844,0
2.1113118334026613,16.0,2.008047567962763,0.03920320816752811,1.3557692576588731,2.335055356754667,3.757835452873644,3.4331848241257847,1
0.623399008822483,12.0,0.11313838144082825,-0.02247843292371018,1.5262096091384025,0.01782545887574643,1.1916285532711721,-0.8654362862180149,1
1.4708272142749077,19.0,2.220164267946562,-0.019629908963331933,2.2218919244458286,0.11468347195183548,2.177771397873609,-0.20727420233762456,0
0.6658667615468382,25.0,1.5555319413306592,-0.007563841046792138,-0.6028421677237878,0.564213278433946,1.8395884417904143,0.08067170936004625,0
0.13225803554268897,9.0,0.14142060810533463,0.043623754391016525,1.3286537471962208,3.0274241941515325,1.349458471642007,3.4331848241257847,1
0.3985742634559779,12.0,-0.466647265181555,-0.021886165565611734,0.11148206102671168,0.06260343127603184,0.0019372196942080177,-0.659760635005393,0
-0.2190964631011601,7.0,-1.1737029317942174,-0.044343276116781426,-0.2289144363883713,-0.4022546838174971,0.22725245459953725,-0.20727420233762456,0
-0.3277450573366703,14.0,0.9757462947082759,0.011635185921628958,0.8748321011047747,0.3756268043761402,-0.43516257021351945,0.060104144238784046,0
-0.5207639479707181,8.0,-0.7777517584911263,-0.03915388593153789,-0.27551921999605516,-0.42397984562895635,-0.6439216315730263,0.12180683960257065,0
-0.22418334455271627,7.0,-0.8908806651491524,-0.05117335724433495,-0.8886444900555841,-0.8101445968276441,0.7171303002777036,-0.042733681367526956,1
-0.22418334455271627,14.0,-0.4383650385170486,-0.031420075936658166,1.2756332401308557,-0.10383544726842524,1.2298674312577162,-0.042733681367526956,1
0.8901262978631704,9.0,0.42424287475039957,-0.03843654347918263,0.08012975205426982,-0.3855383787570132,0.1984262235019886,-0.31011202794393555,1
-0.8668774172402366,2.0,0.3111139680923735,-0.04278842102347122,-1.1026633404929478,-0.3009912907074177,-1.0950563503241666,-1.3590578491283078,1
0.5988894891013488,18.0,-0.32523613185902256,-0.04328381649484135,1.1994919183406398,-0.4104016194967943,-0.6216506367017424,-0.8243011559754906,1
0.4725909577081664,12.0,1.5131086013338995,-0.014640393683616443,0.08884545184583667,0.10074315978948248,0.8833643676565702,0.018969013996259644,0
0.4907547212750866,30.0,9.47478280218626e-06,0.03980528533694082,-0.03583747572796685,0.06266377894773033,0.8429404109279378,-1.8321118469173383,0
0.09693246990688227,9.0,1.498967488001646,-0.016695549153953913,-0.4719856194642912,0.520340521109138,0.7122558938530453,3.4331848241257847,1
-0.7912678611193791,17.0,0.2828317414278671,-0.0438478806454113,-1.0136905717873697,-0.729640802781848,-0.1806849382503203,-1.0916795025518993,0
2.5683604244288443,14.0,0.7494884813922243,-0.03035203272981811,0.034735482306525824,-0.5190274285540905,1.0007703292987726,0.12180683960257065,0
-0.7487744170745614,8.0,-0.1555427718719837,-0.02424052028103413,-0.5973948553540586,-0.20190041377848425,0.16144796786664922,-1.37962541424957,0
-0.22418334455271627,7.0,-0.4525061518493018,-0.03759412593257055,0.23907022186437082,-0.35120055356056795,-0.16043093914096396,-0.042733681367526956,0
0.8131807930782678,9.0,-0.4949294918460614,-0.006005307274239081,2.4532211230803322,0.8404849194696691,0.874035762257655,-0.556922809399082,0
-0.22418334455271627,9.0,0.028291701447308578,-0.04440949234315268,-0.9871803182546871,-0.6156440509433855,-0.5788735182508611,-0.042733681367526956,0
8.576840923612398,14.0,1.9656242279660037,0.010898223846645174,-0.7467722656706348,1.5730453062177345,4.517402440219547,-0.9477065467030638,0
0.13033118650800862,10.0,0.9898874080405293,-0.03203932027587083,0.31666416028651456,0.021567014521053297,-0.19833365116718682,-0.24840933258014897,0
-0.22418334455271627,14.0,0.24040840143110725,-0.027331837071440313,1.8220591965076995,0.12741683068021853,0.10623270888388112,-0.042733681367526956,0
-0.22418334455271627,18.0,0.29697285476012003,-0.031884815747671234,-0.7656562818856963,-0.36489947503612696,-0.6394674325987695,-0.042733681367526956,0
-0.07884754469689188,8.0,0.3111139680923735,-0.017550228964708814,2.0016994533227717,-0.05929886555493383,-0.2663232166421631,-0.968274111824326,0
-0.48980590681352026,7.0,2.3757165146013475,0.039509764771098736,-0.6787413867420159,-0.42090211437233294,-0.6218187196819029,0.36861762105771706,0
-0.1394790609881674,8.0,-0.2403894518655029,-0.028500430844251533,1.1556713166108177,-0.04010830595481151,0.2664998304670452,-0.4335174186715088,1
1.471546571247855,8.0,0.8767585013825033,-0.055284894411424174,-0.21317775620915339,-0.6759313749701849,-1.0835426661831633,0.32748249081519265,0
-0.22418334455271627,9.0,-0.16968388520423666,-0.04078844574177646,-0.12807863185538265,-0.6764141563437729,-1.0620280447226023,-0.042733681367526956,1
-0.6349361761056455,6.0,-0.33937724519127577,-0.02018293707617334,0.21970200010533336,0.022653272611626255,-0.9524379416578691,-0.08386881161005136,1
-0.22418334455271627,15.0,-0.31109501852676913,-0.029299930466363724,0.5792246165074658,0.08595798022335051,1.549561259523241,-0.042733681367526956,0
0.7861535239518179,6.0,-1.145420705129711,-0.010544797459912894,-1.4594017750172186,0.8328811128356584,0.2901995306696945,-0.22784176745888676,0
-0.2927791701873373,15.0,1.1454396546953147,0.0028860604557233234,-0.24997737755132454,0.7278761640802721,0.24389266963543998,-0.10443637673131356,0
-1.1454484050140927,10.0,-1.2585496117877368,-0.03283391499232589,-0.6222103894828254,-0.684440396679673,-0.49399161326974117,-0.8448687210967528,0
0.6090375606839986,9.0,0.5373717814084257,-0.03368736857666651,0.18508130371105394,0.07630235275159085,-0.1706840009307626,-1.9760848027661737,0
-0.9883716717069493,6.0,0.7070651413954645,-0.04685704026606055,-0.13388909838309387,-0.5761163259808694,-1.2554915548874914,-0.5363552442778198,1
-0.9416391597858348,9.0,-0.22624833853324994,-0.026846251411384442,-1.3303609975476316,0.3050200284888977,-0.6053465876261609,-0.20727420233762456,0
-0.22418334455271627,15.0,-0.08483720521071748,-0.0028894659555472493,-1.411223323391613,0.8740985726057324,-0.5216412635061654,-0.042733681367526956,0
-0.22418334455271627,14.0,0.18384394810209448,-0.04208579328808735,-0.22576710035252773,-0.419091684221378,-0.8072142467990817,-0.042733681367526956,0
-1.1471440321646114,10.0,-0.6363406251685939,-0.043320603287269825,-1.2235936751009377,-0.867716275628011,-0.39154503686183506,-0.7831660257329661,0
0.15787228204370665,9.0,-0.8908806651491524,-0.019471725755889492,1.7104498186212462,0.4928823304863215,-0.6712351158491292,-2.1817604539787956,0
0.06039941220934254,7.0,0.45252510141490593,-0.0268842644302272,-0.926412522485707,0.22511971116008656,0.36297946107924883,-0.16613907209510015,0
-0.22418334455271627,9.0,-0.466647265181555,-0.005772324255525406,0.7729068340978402,0.9072897920399062,0.11060286636805759,-0.042733681367526956,1
-0.22418334455271627,9.0,0.5232306680761721,-0.013423977080648204,-0.04310055888760588,0.17442766693334835,-0.8290650342199641,-0.042733681367526956,0
-0.22418334455271627,8.0,-0.6080583985040875,-0.04429545328662441,-0.5083010352624864,-0.6071350292338973,0.6332568931775475,-0.042733681367526956,0
-0.22418334455271627,9.0,-1.27269072511999,-0.037565922725042056,1.2071181556582609,-0.2282119986390293,0.27187848583218543,-0.042733681367526956,1
-0.6577243773557986,6.0,-0.5939172851718343,-0.04821447290667128,-0.9791909267790841,-0.6126870150301591,-0.5613088468240749,0.060104144238784046,0
-0.7899062211348716,14.0,-0.2686716785300098,-0.024035740469848955,0.3492269831188963,0.27804461923966917,-0.15311932950397641,-0.8243011559754906,1
-0.7377528405961897,18.0,-0.22624833853324994,-0.013611589722033425,0.48468348404616435,-0.07450647882295529,0.3310436948487285,-0.5157876791565575,1
-0.22418334455271627,8.0,0.042432814779562025,-0.04536349649346447,-1.1283262343236724,-0.5902376811583179,-1.038076220049712,-0.042733681367526956,0
0.24907646968524394,8.0,-0.5090706051783148,-0.03453959593459285,1.242828314526486,-0.49476766453129434,0.8319309757274164,-1.1328146327944235,0
0.053925199452816514,11.0,0.07071504144406841,-0.031306036880129895,1.75826511608887,-0.3017758104394982,0.5464420339245804,-0.49522011403529537,0
0.3516362209711642,11.0,-0.4242239251847952,-0.04270135894805716,-0.9327071945573943,-0.7178126591289423,-0.11983889943217096,0.12180683960257065,1
0.7682723649099841,15.0,1.5555319413306592,0.016700727239029965,-0.47537505827212273,1.656626831520154,1.5056916017013158,-1.2973551537645212,0
-0.22418334455271627,7.0,-1.145420705129711,-0.03931574781822318,-0.8657657781027212,-0.6930097660608597,-0.9045342923120886,-0.042733681367526956,0
-0.5619471346719531,16.0,0.29697285476012003,0.005647522340687512,0.6932550221137987,0.353056775160902,-0.7049357533713363,-0.5363552442778198,1
1.2935571030843143,10.0,0.1555617214375876,-0.034862093481549145,-1.0975791822812004,-0.20177971843508724,-0.7233408396989256,-0.2895444628226734,1
-0.8548795705842935,13.0,0.32525508142462695,0.009938088564261979,0.18701812588695768,0.2722512427566134,-0.2443043462411201,-0.18670663721636235,0
-0.8174216253501072,5.0,0.8201940480534905,-0.04219615366537277,0.3186009824624183,-0.47738753508212695,-0.671151074359049,-0.042733681367526956,1
-0.7751080205485265,13.0,-0.410082811852542,-0.03581487140544665,-0.942512356822907,-0.2590496588769617,-0.596354148187567,-0.45408498379277096,1
-0.22418334455271627,10.0,0.3676784214213863,-0.004579205954428534,2.5718514813544364,1.3229645546991595,1.2464236048035386,-0.042733681367526956,1
0.11008642598363358,8.0,-0.7777517584911263,-0.037206638385657284,-0.2751560658380732,-0.6893889057589498,0.06765766493701572,0.16294196984509504,0
-0.20334768365770592,12.0,-0.18382499853649012,-0.02144962896212716,1.9145424554071033,-0.6323000083321709,-1.1903594000752458,-0.06330124648878915,0
1.2156610194423025,8.0,0.3676784214213863,-0.013273151231691455,2.596909118255191,0.7282985977821617,-0.5903872023918645,-0.9477065467030638,0
-0.8986575806522314,9.0,-0.7494695318266199,-0.03261074178492647,-0.4776750346060084,-0.41878994586288554,-0.5435760924171281,0.14237440472383284,0
-0.7059983685046572,16.0,-0.9191628918136587,-0.03267327933205488,-0.11452087662405644,-0.09080035018154971,-0.5144977368493385,-0.26897689770141114,1
0.8891243363651367,12.0,0.8767585013825033,-0.03702638310275776,-0.322002952217745,-0.1300263367855733,0.2254875833078506,0.14237440472383284,0
-0.4755472239568856,12.0,-0.5090706051783148,-0.03977926140282197,-0.2812086351377724,-0.377391443077716,0.15287573587845693,0.14237440472383284,1
-0.5625894176835133,5.0,-0.32523613185902256,-0.047970453850229064,-0.23278808074017882,-0.6345932198567138,-0.9093246572466667,-1.482463239855881,1
-0.22418334455271627,8.0,9.47478280218626e-06,0.07285944456033987,1.7300601431522717,3.757691369375055,2.4634284226566057,-0.042733681367526956,0
-0.34703923900393635,7.0,0.08485615477632136,-0.03411777404807966,-0.22649340866849163,-0.3174662050811076,-1.0881649481375806,0.12180683960257065,0
-0.22418334455271627,20.0,-0.9191628918136587,-0.02299344801770883,-0.028574392568327805,-0.06678197684554756,0.30288979567182234,-0.042733681367526956,0
-0.6355270764762807,15.0,-0.056554978546211096,-0.04215078328804432,0.33881656392341364,-0.46616286814620633,0.15859055720391846,-0.8654362862180149,0
-0.10140452406288336,15.0,-0.7211873051621135,-0.01643558915412602,-0.4833644497477257,-0.3934439237495164,-0.4660057970729957,-0.022166116246264755,0
-0.06592481050430223,15.0,-0.353518358523529,0.12742284131666826,-0.22479868926457586,2.0698876873114673,-0.30994074999384746,0.12180683960257065,0
1.9849105367276294,14.0,1.4565441480048866,0.36422678153724747,1.848085244496406,7.5907340849768445,3.293001971239412,0.10123927448130844,0
-0.22418334455271627,9.0,-1.442384085107029,-0.028932062542078973,-0.28217704622572426,-0.41474665185908616,-0.015375327262337235,-0.042733681367526956,0
1.1902523035049841,11.0,-0.5797761718395811,0.006937512528512701,2.560472651071002,-0.15899321920085227,-1.120352838838342,0.26577979545140606,0
-0.8817783831084315,4.0,-1.343396291781256,-0.05062155535790783,-0.4899012245914008,-0.7255371611063501,-1.1717862307674958,-0.12500394185257577,0
2.8126848820263146,8.0,0.028291701447308578,-0.03470513650052098,-0.47464874995615886,0.09947585868381402,2.0717950788823294,0.10123927448130844,1
0.8810058790990166,13.0,-0.12726054520747732,-0.016943246889638976,-0.2254039461945458,0.024343007419184198,0.8131056819494253,0.10123927448130844,0
-0.8128485703077992,6.0,0.29697285476012003,-0.046161769889162374,-0.19974105236382117,-0.4901812414822085,-0.9931980643468228,-0.18670663721636235,1
0.08138922102712733,10.0,0.16970283476984102,-0.007657034254277608,0.7036654413092814,0.7488168061596508,1.3304650948838554,-0.08386881161005136,0
-0.22418334455271627,14.0,-0.523211718510568,0.030148752324466135,-0.2872612044374716,-0.01983148826411623,0.5361049306447013,-0.042733681367526956,0
-1.1926176693830681,3.0,-1.0747151384684446,-0.0430557383817848,-0.6484785402435198,-0.4140828274704027,-1.0906021513499098,-0.26897689770141114,0
-0.22418334455271627,9.0,-0.1555427718719837,0.0050098846052606125,0.6714657726348816,1.1172393418789803,0.07782668523673406,-0.042733681367526956,0
0.7378281501620343,17.0,-0.056554978546211096,-0.0024222736917056172,1.8960215933500237,1.228339405475915,2.056499527687712,-1.0299768071881126,1
-0.6255845354573301,19.0,-1.0605740251361913,-0.037877384234269805,-0.006664091703416701,-0.5093114534106323,0.4727376471241425,-0.20727420233762456,1
-0.775082329228064,12.0,-0.5514939451750744,-0.034339721029064796,-1.3318136141795596,-0.4391874588969778,-0.35128916311336333,-0.042733681367526956,1
-0.22418334455271627,12.0,1.3009919013501008,-0.03916124329002359,-1.0981844392111704,-0.16158816908388768,-0.5397101838734335,-0.042733681367526956,1
-0.6806410352082637,12.0,0.29697285476012003,-0.03464995631187827,-0.8120189627213922,-0.5893928137545389,-0.07958302568369924,-0.3306795930651978,0
-0.22418334455271627,11.0,-1.0040095718071784,-0.04505939234272241,-1.199746552060123,-0.6960271496457846,-0.39557902838569026,-0.042733681367526956,0
-0.23004096561814458,13.0,-0.3818005851880356,-0.024322677450791058,0.004472635808029827,0.03236924775508441,0.311293944679854,-1.7087064561897651,0
1.1447529749660652,12.0,0.5090895547439187,0.02932227572123973,1.8956584391920417,2.099277003428636,1.0922074705061573,3.4331848241257847,1
-0.6070867847243985,7.0,-1.6403596717585744,-0.04295641404222792,-0.32393977439364874,-0.4900605461388115,-1.1819552510672142,-0.39238228842898437,0
0.6694892377320373,10.0,0.18384394810209448,-0.02072615537770049,1.3379747039177576,-0.6959668019740861,-0.7148526492008136,3.4331848241257847,1
-0.7642149006724668,13.0,-1.3151140651167497,-0.006261588594824123,-1.078089909136169,-0.3749775362097761,-1.132538854899988,0.03953657911752184,1
0.7522409809414434,4.0,1.6828019613209382,-0.037682414234398894,-0.6119210216733367,-0.05779017376247138,-0.5267677944010647,0.08067170936004625,0
0.11144806596814104,14.0,1.315133014682354,-0.009549101611515504,-1.2732247433584714,0.023196401656912738,0.4943363100747839,-1.6264361957047164,0
-0.9499117649747292,8.0,-1.4282429717747758,-0.04770436271832976,-0.9235072892218514,-0.7210110857289628,0.1738020669084558,-1.9349496725236495,1
-0.22418334455271627,9.0,-0.6363406251685939,-0.04373506781529731,-1.0950371031753268,-0.5419595437995196,-0.4806290163469708,-0.042733681367526956,1
-0.22418334455271627,7.0,0.26869062809561367,-0.03704355027255771,-0.5160483239661013,-0.12537956606478898,0.26078500914158365,-0.042733681367526956,0
-0.22418334455271627,14.0,-0.523211718510568,-0.021441045377227186,0.09865061411134937,-0.545640751773128,-0.6362738559757175,-0.042733681367526956,0
0.8454490915790484,6.0,-1.102997365132951,-0.029437267824763365,-0.98028038925303,-0.6190235205585014,-1.439038169222903,0.26577979545140606,0
-0.22418334455271627,23.0,-0.4525061518493018,-0.026307938015514426,-0.47440664718417086,-0.0654543280681806,0.41525326790920586,-0.042733681367526956,0
-1.3347163628606293,2.0,-0.8908806651491524,-0.052460894979331575,-1.3382293376372407,-0.9016316671225668,-1.075222558665212,0.14237440472383284,1
-0.2038358187464916,14.0,0.2545495147633607,-0.021665444811040883,-0.4623015085847725,0.4545615589577754,-0.6788828914464381,-0.4746525489140332,0
-0.3860129721454046,8.0,-1.4141018584425225,-0.03417418046313666,-0.6714783035823768,-0.8592676015902213,-0.778892264642015,0.018969013996259644,0
0.11047179579056965,10.0,-0.9333040051459123,-0.017595599342037267,0.2005758811182839,0.5647564074792325,1.3949249177754584,-1.3384902840070456,1
-0.4018645168707084,17.0,0.8343351613857435,-0.01686108971988205,1.2855594537823625,-0.6922252463287792,1.1848211925746663,-1.0094092420668503,0
-0.22418334455271627,9.0,0.8060529347212371,0.015911037428232033,1.4490998762602347,1.3866313483410746,-0.16833083920851374,-0.042733681367526956,1
-0.9948458844634753,7.0,-1.102997365132951,-0.036006162726074716,-1.0216799632629725,-0.6686896543663651,-0.6811520116786066,0.28634736057266824,1
-0.22418334455271627,7.0,0.7636295947244772,-0.0416480304581885,0.5259620066701128,-0.743581114944201,-0.5585354776514244,-0.042733681367526956,0
-0.22418334455271627,10.0,0.1555617214375876,-0.028632863296994045,0.4961833657155928,-0.5350195615541924,-0.6912369904882446,-0.042733681367526956,1
0.7121111383791671,13.0,0.19798506143434744,0.26712804292228776,-0.24283534577767948,4.400152682277263,-0.46667812899363825,-0.7214633303691795,0
-1.0740522254490696,9.0,-1.8100530317456134,-0.024493122922376327,-0.27249293534620556,-0.4698440761198147,-0.4969330654225523,3.4331848241257847,1
-1.1277727765359582,25.0,-1.046432911803938,-0.045437070078321415,-1.183767769108917,-0.7729100833896709,-1.3436510779817437,-0.5774903745203441,0
-0.8684702791089057,8.0,-0.5090706051783148,-0.043096203853456125,-0.9883908321146269,-0.755228215582011,-1.3422223726503784,0.060104144238784046,1
-0.12760967093453635,4.0,2.4322809679303603,-0.012035888779680414,-0.8925181344073916,-0.8472584149222203,-1.4671920683998092,0.3480500559364548,0
-0.8745591220584957,8.0,-0.16968388520423666,-0.03661191857473027,-0.6328629114502959,-0.8804496343563941,-0.8592359291587979,0.24521223033014386,0
-0.5005448787668055,8.0,-0.466647265181555,-0.03469287423637816,0.14658696296496704,-0.20497814503510764,-0.15832990188895604,-0.7008957652479174,0
1.0435034810237276,11.0,0.45252510141490593,-0.01029709972422783,0.9608996365464973,0.047697556366502865,-0.7769593103701677,0.08067170936004625,0
0.6165651175794833,9.0,-1.102997365132951,-0.03645864027294496,-0.5168956836680593,-0.20757309491814305,-0.43222111806070834,-0.9065714164605394,0
1.3961168543702345,7.0,1.6686608479886853,-0.023349053677850753,1.1735869217379273,0.2209557218128902,1.3779485367792343,0.26577979545140606,0
-0.6406139579278369,13.0,-0.04241386521395765,-0.02504492480880345,0.6194136766574685,-0.08645531781925786,-0.7591425144731405,-1.7292740213110274,0
-0.448160276343962,13.0,-0.33937724519127577,-0.023677682356878463,0.5461775881311082,-0.1360611039554231,0.5476186147857047,-0.556922809399082,0
-1.0952475648305535,3.0,-0.5090706051783148,-0.043760818569997244,-1.10242123772096,-0.6358001732906838,-1.2148995151786983,0.16294196984509504,0
-0.33367975236348585,11.0,0.0989972681085748,-0.018208712549178517,1.3178801738427561,0.3126238351229084,-0.6527459880314596,-0.762598460611704,0
-0.15196504273289616,10.0,-0.7494695318266199,-0.043326734419341234,0.12697663843394164,-0.7470812799027138,0.2865017051061606,0.24521223033014386,1
1.1494801779311477,11.0,0.24040840143110725,-0.009048801234488245,2.5020048316359076,0.8935908705643473,1.5367029115409527,0.03953657911752184,1
-1.0010888753358398,8.0,-1.6403596717585744,-0.04598028837984856,-0.5244008695996862,-0.7088812037175647,-1.1683405296742029,-0.14557150697383797,1
-0.023585514382258994,6.0,-0.3676594718557824,-0.024650079903404485,0.0026568650181200667,-0.5701419064827181,-0.4524751171700647,0.018969013996259644,1
0.7676814645393487,15.0,9.47478280218626e-06,-0.004219921615043761,-1.0970949767372244,0.9116348244021981,1.3861846028071054,-0.5363552442778198,0
1.241763401032106,17.0,1.880777547972484,-0.0013996008621940126,2.453705328624308,0.31775338721728075,1.2422215302995228,3.4331848241257847,1
-0.22418334455271627,14.0,-0.5090706051783148,0.0020816559279540035,-0.7933770492783186,1.769476977596345,1.1209496601136257,-0.042733681367526956,1
-0.9691802553215328,13.0,-0.6787639651653538,-0.03224655253988457,-1.1659732153678015,-0.3575370590889102,-0.1606830636112049,-0.24840933258014897,0
-0.22418334455271627,12.0,-0.806033985155633,-0.05253324233777424,-0.46992774590239345,-0.8930622977413801,0.9901811015486528,-0.042733681367526956,1
-0.2737162104042329,13.0,-0.7636106451588731,-0.03481059197214928,-0.4608488919528447,-0.278602304507275,0.07942347354826007,0.14237440472383284,0
-0.22418334455271627,14.0,0.3676784214213863,-0.03520543687754824,-0.5069694700165526,-0.33134616957176216,-0.27489544863035537,-0.042733681367526956,0
-0.504449959477091,11.0,-0.6504817385008473,-0.03335996612405308,-0.8919128774774217,-0.6682672206644756,-1.2435576632960863,3.4331848241257847,1
0.13089639555818153,11.0,0.4101017614181461,-0.035092624047434254,1.182302621529494,-0.5884272510073629,0.12892391120556665,0.03953657911752184,1
-0.4968710199406816,13.0,1.315133014682354,0.0022386129089821635,0.9924940482909272,0.7634209427106874,-0.17034783497044134,-2.4491388005552044,1
-0.22418334455271627,13.0,0.3818195347536397,-0.020731060283357618,0.668802642143014,0.47731263118810907,0.698136923519552,-0.042733681367526956,1
0.9248352718078794,9.0,-0.25453056519775635,-0.03322262876565344,-0.2155987839290331,0.13133942934062087,0.08093622036970577,0.03953657911752184,1
-1.021667623026226,6.0,-0.33937724519127577,-0.02817915952370952,0.08920860600381862,-0.5792544049091913,-1.290116648800582,0.26577979545140606,0
-0.2065334073950441,8.0,-0.466647265181555,-0.035418800273633394,-0.1679045378474034,-0.37763283376451,-0.15824586039887573,-0.022166116246264755,1
-0.22418334455271627,12.0,-0.32523613185902256,-0.03257518121891228,1.8313801532292362,-0.3800467406324499,0.9701792269095374,-0.042733681367526956,1
-0.7294288527663706,7.0,0.2545495147633607,-0.047711720076815456,0.06935617870080525,-0.9142443305075528,-0.5042446750595398,-0.4335174186715088,0
-0.2160135046456715,23.0,1.9090597746369904,0.04021116628006833,1.9871732870034937,-0.036547793324600134,1.1633065711141053,-0.22784176745888676,0
-0.3997578285927912,10.0,1.2302863346888344,-0.006259136141995558,0.5065937849110754,0.6407944738193397,-0.006298846333663025,-1.7704091515535518,1
-0.22418334455271627,10.0,-0.466647265181555,-0.03650155819744484,-1.0990317989131282,-0.2618256517750926,-1.0798448406196293,-0.042733681367526956,0
1.0201500707234015,17.0,0.7212062547277174,-0.011100278025582866,1.085582564120301,0.48280426931267234,1.2411289909284786,-0.08386881161005136,0
-0.22418334455271627,15.0,-1.385819631778016,-0.03723729404601434,-0.39003383114636403,-0.2199443676163351,0.7150292630256957,-0.042733681367526956,1
-0.22418334455271627,6.0,-0.1555427718719837,-0.04449410196573818,0.1560289710724978,-0.5085872813502503,-0.7038432140002921,-0.042733681367526956,0
-0.411421688082723,9.0,1.5131086013338995,-0.018950579529819427,0.6211083960613843,0.39536049302154896,-0.5657630457983317,-0.20727420233762456,0
-0.8280064493806181,22.0,0.3393961947568799,0.024173351007667515,-1.1021791349489718,-0.4226521968515894,0.08488617040348066,0.18350953496635725,1
-0.5921858188562037,10.0,-0.25453056519775635,-0.046957590832031715,0.08739283521390886,-0.7842554456689885,0.03202407314296142,-0.2895444628226734,1
-0.7787048054132631,8.0,-1.1737029317942174,-0.03505951593424862,-0.8507554062394671,-0.4584987138404971,-0.4490294160767717,3.4331848241257847,1
0.2760780474912315,4.0,0.01415058811505513,-0.04607470781374832,-0.48941701904742485,-0.4775082304255239,0.5438367477320905,-0.2895444628226734,1
-0.69716055426559,5.0,-0.25453056519775635,-0.03421709838763655,-1.4580702097712848,-0.37624483731544456,-0.5177753549624708,-0.24840933258014897,0
-1.152385061538942,11.0,1.5131086013338995,-0.04327891158918422,-1.010543235751526,-0.5667624368676023,-0.6292984122990511,-0.24840933258014897,1
-0.7787048054132631,15.0,-0.3818005851880356,-0.004641743501556941,-0.16548351012752371,0.26603543257166806,-0.5633258425860025,0.28634736057266824,0
0.042955005615369635,5.0,0.4666662147471594,-0.0348719032928634,-0.2275828711424375,-0.10166293108727932,-0.9280659095345772,0.20407710008761945,0
-0.22418334455271627,23.0,-0.7494695318266199,-0.034538369708178564,-0.064889808366523,-0.5345367801806044,0.613507143008673,-0.042733681367526956,1
-0.22418334455271627,22.0,-0.806033985155633,-0.04510598894646514,-0.34439745862663207,-0.6839576153060851,-0.15471611781550243,-0.042733681367526956,0
-1.2567175139367681,6.0,-1.3151140651167497,-0.04425621404136737,-0.8109295002474464,-0.5408732857089467,-0.7457799175503702,-0.12500394185257577,0
-0.22418334455271627,15.0,1.880777547972484,-0.017357711417666462,0.0757719021584864,-0.6335673094378393,0.6163645536714039,-0.042733681367526956,0
-0.10276616404739082,9.0,-0.9615862318104186,-0.022228282735196548,-0.21814086303490673,-0.4647748716971409,-1.0173179719998737,0.22464466520888166,0
0.15710154242983448,8.0,-0.07069609187846404,0.6526622111576056,-0.6153104604811682,5.390820060879804,-0.36028160255195724,0.32748249081519265,0
1.9799007292374604,14.0,-0.04241386521395765,0.04318599156111767,2.4342160554792764,-0.6100920651471237,1.2797880763654244,0.26577979545140606,0
0.37041657622918217,30.0,0.6646418013987047,0.013373974977081541,-0.5084220866484803,-0.18216672513307544,1.9548093246905285,-0.5774903745203441,0
0.5191950130269688,14.0,-0.01413163854945126,-0.018802206133691247,-0.617247282657072,0.3953001453498505,1.1838967361837829,0.10123927448130844,0
-1.1767661246577643,3.0,-0.09897831854297043,-0.033150281407210776,-1.1075053959327072,-0.4840257789689617,-0.8214172586226552,0.10123927448130844,0
2.1386730896951227,15.0,-0.2403894518655029,-0.018081185002093138,2.6087721540826014,0.12645126793304257,3.896587952996247,-0.49522011403529537,0
-0.6494003895259793,9.0,-0.11311943187522389,-0.04206739989187311,-1.108594858406653,-0.6031520829017964,-0.708297412974549,-1.0505443723093748,1
-0.4758041371615096,16.0,0.1272794947730812,0.007085885924640884,0.5137358166847205,0.20188585755616487,-0.7267865407922186,0.22464466520888166,0
0.47415812825637305,12.0,-0.9050217784814056,-0.033976758010437175,-0.2519141997272283,-0.6501025714832278,-0.5625694691752796,0.3480500559364548,1
-0.6281022848626457,14.0,-0.3818005851880356,-0.021952381791982986,0.11898724695833869,-0.10504240070239519,0.04412604771452703,-0.042733681367526956,0
-0.519864751754534,11.0,2.8847965945624647,-0.042154461967287164,-0.9433597165248648,-0.41070335785528683,-0.2642221793901552,-0.18670663721636235,1
-0.22418334455271627,8.0,-0.5797761718395811,-0.03612142800901727,0.27417512380262615,-0.6315154886000904,-0.3842334272248475,-0.042733681367526956,0
-0.515111857468989,14.0,2.078753134624029,-0.01682185047462501,-1.2239568292589198,-0.06171277242287374,0.2260758737384128,0.12180683960257065,0
2.472737329667773,6.0,1.1171574280308083,-0.00968889142274371,0.08848229768785472,-0.49350036342562587,0.4842513312651459,-0.5157876791565575,0
0.34881017572029965,10.0,0.6363595747341982,0.08517075775973616,-0.9057127354807358,1.9463560033446423,-0.4935714058193396,-0.10443637673131356,0
0.24422081011784944,8.0,-1.1878440451264705,-0.02133068499994176,0.08848229768785472,-0.04807419861901322,-1.0750544756850513,0.20407710008761945,0
-0.03334821615797285,9.0,0.028291701447308578,-0.00881091331011744,-0.4718645680782972,1.0058375399235533,-0.4042353018639629,0.08067170936004625,1
-0.7310217146350396,6.0,-0.12726054520747732,-0.03861925121491072,-0.4637541252167003,-0.18868427367651322,-0.690816783037843,-0.12500394185257577,0
4.668754328832755,11.0,-0.6080583985040875,-0.029859089711276543,0.6328503805028007,0.10315706665742239,1.5518303797554098,0.22464466520888166,0
-0.5800081329570238,15.0,-0.8908806651491524,-0.008254206518033184,-0.34367115031066814,0.3599364097345307,0.05437910950432567,-0.4335174186715088,1
0.14420449955770726,8.0,-0.466647265181555,-0.050126159886537694,-1.1750520693173503,-0.8582416911713469,0.3002004679892522,-0.24840933258014897,0
0.6341122894553058,10.0,-0.9050217784814056,-0.04263269026885734,-1.1139211193903884,-0.6538441271285347,0.3066716627254366,-0.10443637673131356,0
0.2918011356142233,13.0,1.7252253013176981,0.024972850629779705,2.4568526646601514,2.23650760887102,1.7947943275776055,-0.4746525489140332,0
-0.6911230939569248,11.0,0.1555617214375876,-0.02615833839297196,-0.7225619884718381,-0.31046587516408186,-0.9068874540343375,-0.31011202794393555,1
-0.22418334455271627,13.0,-0.04241386521395765,-0.02136011443388454,-1.02494835068481,-0.21083186918986194,-0.6370302293864403,-0.042733681367526956,1
-0.22418334455271627,9.0,-1.1737029317942174,-0.011458336138553356,-0.8399818328860025,-0.490482979840701,0.46693878430860064,-0.042733681367526956,0
-0.6581868211241219,13.0,-0.806033985155633,-0.026326331411728663,0.0036252761060719388,-0.5091907580672353,0.3460030800830248,-0.4746525489140332,0
-0.22418334455271627,6.0,-1.4565251984392822,-0.047618526869329984,-0.4613330974968206,-0.6550510805625046,-0.5194561847640772,-0.042733681367526956,1
-0.7672978591279553,11.0,-1.343396291781256,-0.04394720498496818,-1.1278420287796964,-0.7452105020800603,-1.3260864065549574,-0.022166116246264755,0
-0.22418334455271627,9.0,0.028291701447308578,-0.04425498781495309,-1.0898318935775855,-0.5245794143503523,-0.6188772675290919,-0.042733681367526956,1
0.2676512943795627,21.0,1.6262375079919253,-0.02738579103366874,0.33845340976543165,0.1418399242161595,0.4291201137724581,-0.968274111824326,0
-0.22418334455271627,6.0,-1.0322917984716848,-0.03145563650267236,2.584198722725823,0.06031021975148892,-0.9347051872509223,-0.042733681367526956,0
0.25745184015598793,10.0,-0.6504817385008473,-0.041995052533430444,-0.6889097031655105,-0.39543539691556684,-0.39398224007416427,3.4331848241257847,1
-0.35906277698034184,9.0,-0.523211718510568,-0.0467626208321608,-0.36073939573581987,-0.5940999321470217,-0.2483383377649753,0.018969013996259644,1
1.127796703460878,15.0,3.0686310678817565,0.04132335363782255,2.507452144005637,0.8912976590398043,0.17270952753741167,-0.24840933258014897,0
0.1434080686233727,7.0,1.597955281327419,-0.037781738573955774,2.4969206734241602,-0.18319263555194992,0.8777335878211889,-1.585301065462192,1
0.13110192612188076,13.0,-0.9615862318104186,-0.048706189698798565,-1.1576206697342166,-0.85450013552604,-0.8367968513073533,-1.1122470676731613,0
1.3754867240389232,24.0,0.7212062547277174,0.07356452474855231,0.5965349647046055,-0.43979093561396276,-0.7864559987492435,-0.18670663721636235,0
-0.23235318445976103,10.0,1.0605929747017957,-0.04727273102050232,0.12370825101210406,-0.573883462128025,-0.36557621642701715,3.4331848241257847,1
0.33072348611476665,10.0,-0.6080583985040875,-0.016672250852082543,0.5182147179664979,0.7056078732235265,0.9821971599910228,-1.1945173281582102,0
0.2723784973446452,22.0,0.3111139680923735,0.04065873892128144,-0.24961422339334258,1.0252694902104695,0.8805069569938394,-0.022166116246264755,0
-0.48335738537745665,9.0,3.535287807846113,-0.03850643838479673,-1.2176621571872326,-0.6420763311473275,-1.2566681357486158,3.4331848241257847,1
-0.22418334455271627,24.0,-0.32523613185902256,0.014050851957765481,-0.40722312795750976,0.8965479064775737,0.45029856927269796,-0.042733681367526956,0
-0.6151281680291313,9.0,1.0605929747017957,-0.03553529178299023,-0.2829033545416882,-0.13974231192903147,0.4487017809611719,-0.41294985355024655,1
-0.22418334455271627,8.0,0.7494884813922243,-0.029615070654834326,-1.1096843208805989,-0.7902902128388383,-0.9242000009908827,-0.042733681367526956,0
0.0227616277319194,9.0,-0.12726054520747732,-0.020453933113729773,0.8965002991976979,0.3016405588737818,0.11841872494552705,-1.071111937430637,0
0.8624053630842355,15.0,-0.7070461918298601,0.013941717806894339,-0.5563584355020981,-0.7075535549401978,0.1803573031347205,0.36861762105771706,0
-0.21200565865353635,13.0,-0.9615862318104186,-0.03190443537029975,0.1476764254389129,-0.6530596073964542,0.6093050685046573,0.28634736057266824,0
-0.7772917827878308,5.0,-0.2828127918622627,-0.04634815630413332,-0.7343039729132546,-0.49669879002564626,-0.8225938394837797,3.4331848241257847,1
-0.6317247610478448,4.0,-0.4525061518493018,-0.03034344914491813,0.2535963881836489,0.045706083200452434,-0.5921520736835512,-1.5647335003409297,0
-0.22418334455271627,10.0,0.028291701447308578,-0.03221221820028466,-0.10846830732435724,-0.1693730187329939,-0.5314741178455624,-0.042733681367526956,0
-0.48459056875965206,13.0,2.3050109479400813,-0.017365068776152157,-0.783450835626812,-0.2678000712732439,0.06043009679010848,-0.06330124648878915,0
-0.22418334455271627,10.0,-0.6080583985040875,-0.035079135556877146,-0.11694190434393611,-0.8398356513033051,-0.4368434000151258,-0.042733681367526956,0
-0.5006733353691175,7.0,0.7353473680599708,-0.0075013034996637305,0.14634486019297907,0.42975866588969275,-0.12530159628739157,3.4331848241257847,1
-0.47541876735457356,15.0,-0.2403894518655029,-0.02160535971674104,-0.43349127871820425,-0.23249668332962264,-0.009408381466634745,0.3069149256939305,0
1.1746576719843045,7.0,-0.6080583985040875,-0.02633001009097151,2.501520626091932,0.17901408998243418,0.8588242525531177,-0.35124715818645996,0
0.39312770351794807,11.0,0.7353473680599708,-0.01355518330697643,2.058956758897926,0.9431966567005124,0.4486177394710916,-0.12500394185257577,0
0.9076220870980681,16.0,1.0040285213727824,0.09967333756145529,-0.04346371304558783,-0.2976721687640003,0.25170852821290945,0.28634736057266824,0
0.25300724171599187,11.0,0.5939362347374384,-0.027014244430141145,1.9362106535000265,-0.05410896578886301,1.0262349007931086,-1.0916795025518993,0
-0.22418334455271627,13.0,-0.5090706051783148,-0.011425228025367728,1.9595735709968654,0.6236557350569664,3.9410459012487347,-0.042733681367526956,1
-1.276242917488196,5.0,-1.1312795917974574,-0.05431985422338385,-1.403718137459986,-0.8847343190469874,-0.9671452024219246,-0.7420308954904418,0
-0.9262500588288543,13.0,-0.2686716785300098,-0.04364187460781184,-1.3349609502154032,-0.6426798078643126,-0.3045620946287072,0.08067170936004625,1
0.26482524912869815,7.0,0.5373717814084257,-0.03575110763190396,0.570266813943911,-0.00691708652063769,-0.7141803172801711,0.018969013996259644,1
-0.5754350779147157,16.0,-0.1555427718719837,-0.011219221987768268,0.15203427533469632,-0.5901169858149209,-0.4143202806736009,0.28634736057266824,1
-0.8201705966395846,12.0,0.16970283476984102,-0.025531736695273602,-0.844218631395792,-0.08223098080036301,-0.38482171765540973,0.14237440472383284,0
0.11509623347380252,16.0,-0.410082811852542,-0.011545398213967413,-0.5097536518944142,-0.2114956935785454,-0.40557996570524796,0.16294196984509504,0
0.495096554433233,6.0,-0.8343162118201394,-0.02153669103754122,0.07080879533273306,0.6541313092647077,-0.38246855593316087,0.20407710008761945,0
-0.4657845221811717,8.0,0.01415058811505513,-0.04283747008004252,-0.337376478238981,-0.3946508771834864,-1.0115191091843319,0.10123927448130844,0
-0.22418334455271627,6.0,-1.159561818461964,-0.04975093460376725,-1.3152295742983837,-0.784919270057672,-0.8360404778966304,-0.042733681367526956,1
1.2667353645215635,4.0,1.1030163146985554,0.0028762506444090633,-1.1029054432649357,1.6492644155729372,0.3495328226663981,0.018969013996259644,0
-1.0264462086322332,6.0,0.3393961947568799,-0.03967012725195082,-0.7050095375027103,-0.23376398443529112,-0.41860639666769706,-0.022166116246264755,0
-0.22418334455271627,10.0,0.24040840143110725,0.015377628938019146,0.8397271991665194,0.8755469167264964,0.652754518876181,-0.042733681367526956,0
1.212706517589126,9.0,1.0605929747017957,-0.014263942174431716,2.5926723197454016,0.5744723826226906,-0.5417271796353611,3.4331848241257847,1
-0.3483238050270566,11.0,-0.6221995118363407,-0.005001027840941714,-1.4557702334373992,0.7203930527896584,0.6820009574241312,-0.20727420233762456,1
-0.2556295207986998,13.0,-0.5656350585073276,-0.01935032934087552,0.9800257555335469,0.5418242922338032,0.07513735755416391,-1.2356524584007347,1
0.9968480430640002,18.0,-0.5514939451750744,0.05671249513706792,-0.24670899012948697,2.617723850990431,1.7504204208151983,0.26577979545140606,0
-0.22418334455271627,8.0,-0.19796611186874355,-0.015414142551028699,0.6108190282518957,0.15596127939360802,0.9792557078382116,-0.042733681367526956,0
-0.3035181421406225,12.0,-1.4989485384360421,-0.03224900499271314,1.2312073814710636,-0.3473986502435626,-0.37381228245488823,-0.35124715818645996,0
-0.7256522286583971,17.0,-0.09897831854297043,-0.016894197833067677,-0.3626762179117236,0.7547912256578022,-0.49500011115070497,-0.4335174186715088,1
-0.5262875818701352,7.0,-0.7353284184943667,-0.049899307999895434,-0.81407683628329,-0.8316283679523093,-0.6218187196819029,0.03953657911752184,0
-0.22418334455271627,8.0,0.6646418013987047,-0.028887918391164804,-0.47852239430796634,-0.04759141724542524,-0.874951687803817,-0.042733681367526956,0
-0.5409830171746308,9.0,-0.353518358523529,-0.03781239423431284,-0.4834855011337197,-0.4776892734406194,-0.5041606335694595,0.36861762105771706,0
-0.22418334455271627,11.0,-0.25453056519775635,-0.042865673287571016,-0.6590100108249964,-0.6000140039734746,-0.9066353295640965,-0.042733681367526956,0
-0.22418334455271627,10.0,-0.7070461918298601,-0.03165305895537184,0.13060818001376115,-0.4024960745042911,0.21683130982957796,-0.042733681367526956,0
2.8217539181495432,14.0,1.2727096746855944,0.043065821372517986,2.6367350242472116,2.680907863258758,3.4618413248107682,-0.5774903745203441,0
-0.7550687905878506,8.0,1.2868507880178472,-0.031037493295402025,-0.2532457649731621,0.09295831014037625,-0.0989125684021721,-1.5441659352196675,0
-0.22418334455271627,15.0,0.5939362347374384,-0.055284894411424174,0.48080983969435687,-0.9153909362698244,0.35045727905728163,-0.042733681367526956,0
-0.20108684745701427,12.0,0.8060529347212371,-0.03082290367290259,0.3406323347133234,-0.04499646736238983,0.5341719763728541,-0.08386881161005136,1
-0.09816741768462035,17.0,-0.07069609187846404,-0.015190969343629285,-0.2588141287288854,0.2625956152848537,1.279956159345585,3.4331848241257847,1
-0.22834533846762586,17.0,0.6222184614019448,-0.01781877254943668,0.9822046804814386,0.09132892300451681,0.8684049824222738,-0.24840933258014897,1
-0.22418334455271627,12.0,0.05657392811181497,-0.027073103298026705,0.2195809487193394,0.03291237680037089,0.2837283359335101,-0.042733681367526956,1
-0.5971442437054478,24.0,1.9939064546305094,-0.011162815572711274,-0.957159574528179,-0.5657968741204263,0.0745490671236017,0.060104144238784046,0
0.2870739326491408,14.0,0.0989972681085748,-0.007870397650362763,0.6760657253026531,0.8113973417109932,0.297763264776923,0.14237440472383284,0
-0.22418334455271627,16.0,-1.5130896517682952,-0.012993571609235045,-0.5175009405980292,-0.3659253854550014,-1.1124529387707922,-0.042733681367526956,0
-0.22418334455271627,8.0,-0.5373528318428212,-0.0324758568793554,1.9711945040522878,-0.25868757284677074,0.038663350859306445,-0.042733681367526956,1
-0.22418334455271627,10.0,-1.0181506851394317,0.0025672415880098735,0.5955665536166537,0.6534071372043257,0.5604769627679932,-0.042733681367526956,0
-0.41129323148041097,13.0,0.8343351613857435,-0.0079868891597196,0.6123926962698174,-0.08905026770229327,0.5273646156763484,-2.510841495918991,0
-0.5454276156146268,4.0,0.3111139680923735,-0.04078231460970505,0.11898724695833869,-0.4557227209423662,-0.45667719167408055,-0.3306795930651978,0
-0.22418334455271627,10.0,-0.2403894518655029,-0.03788351536634122,-0.4311913023843186,-0.35614906263984475,-0.20211551822080107,-0.042733681367526956,0
-1.2138387000850144,5.0,-1.4706663117715355,-0.048382465925427984,-0.7104568498724396,-0.6459989298077299,-1.0599270074705942,-0.4335174186715088,1
0.6296676910153097,12.0,1.8666364346402304,-0.017745198964579732,0.6656553061071704,0.3279521437343269,0.5030766250431369,0.10123927448130844,0
-0.9608048848507889,9.0,-0.25453056519775635,-0.048571304793227486,-1.448386098891766,-0.6497404854530368,-0.6820764680694901,0.03953657911752184,0
-0.22418334455271627,6.0,-1.3151140651167497,-0.03793624310215537,0.46628367337507876,-0.8052564354200658,-1.4640825332668375,-0.042733681367526956,0
-0.22418334455271627,14.0,0.3818195347536397,-0.02514792782760318,-0.4064968196415458,0.14956442619356725,-0.6370302293864403,-0.042733681367526956,0
-0.22418334455271627,9.0,0.028291701447308578,0.21044082201642203,-0.7238935537177719,6.407980067357985,0.6578810497710803,-0.042733681367526956,0
-0.6051342443692558,11.0,-1.343396291781256,-0.022014919339111396,0.1810866079732525,-0.2948358281941709,0.2585999303994954,-0.6391930698841307,0
-0.7733096281161581,12.0,-1.159561818461964,-0.039792749893379074,-0.42223349982076375,-0.6027899968716055,-0.3596092706313147,3.4331848241257847,1
-0.6931527082734549,14.0,-0.9191628918136587,-0.04428073856965302,-0.5901317721944196,-0.5129926613842407,-0.24842237925505561,0.060104144238784046,1
-0.9400976805580905,13.0,-1.1737029317942174,-0.03985160876126463,-1.1436997603449084,-0.6555942096077911,-0.5644183819570466,0.060104144238784046,0
-0.6866784955169288,12.0,-0.7494695318266199,-0.026038168204372276,-0.2887138210693994,-0.12809521129122137,0.4114714008555916,-0.9065714164605394,0
-0.22418334455271627,11.0,1.5413908279984057,-0.01013033293188541,0.2609805227292819,1.0135016942292625,0.7501586058792682,-0.042733681367526956,0
-0.6224501943609166,11.0,-0.3676594718557824,-0.01902537934109066,0.7261809991041625,0.2819672179000715,0.34608712157310517,-0.06330124648878915,1
-0.4504211125446536,4.0,0.042432814779562025,-0.02518103594078881,-0.2812086351377724,0.4209479058217121,0.06832999685765825,0.08067170936004625,0
-0.22418334455271627,14.0,-0.9615862318104186,-0.006305732745738293,-0.33846594071292685,-0.17057997216696386,-0.36599642387741876,-0.042733681367526956,0
-0.22418334455271627,11.0,1.979765341298256,-0.02095791216999988,0.9608996365464973,0.4428541106482668,0.30389829355278614,-0.042733681367526956,0
0.25079778815622505,4.0,-0.6080583985040875,-0.05055779158436514,1.3631533922045063,-0.7045965190269713,-0.27136570604698207,-1.276787588643259,0
-0.44104378057587584,4.0,-1.329255178449003,-0.04085956687380485,-1.1069001390027373,-0.2282119986390293,-1.0237051252459777,-0.762598460611704,0
0.7007041920938593,11.0,1.9373420013014968,-0.005047624444684449,0.8572796501356471,-0.8486464113712857,-0.43558277766392106,-0.022166116246264755,0
-0.22418334455271627,17.0,9.47478280218626e-06,-0.029597903485034372,-0.4666593584805559,-0.743460419600804,-0.2973345264818,-0.042733681367526956,0
0.6713647041257929,11.0,0.07071504144406841,-0.019203182171161622,-0.25663520378099364,0.6543726999515017,-0.4309604957095036,-0.4335174186715088,0
-0.2580958875630907,20.0,-0.6363406251685939,-0.022402406886024663,0.09332435312761408,-0.6807591887060647,-0.08529784700916078,0.24521223033014386,0
-0.6881172094628235,6.0,-0.2969539051945162,-0.031100030842530435,-1.5216221874181264,-0.5702022541544166,-1.3112110628107414,0.28634736057266824,1
-0.23851910137073817,5.0,-0.6929050784976069,-0.013649602740876184,0.237617605232443,0.7689729285069492,0.1332940686897431,-0.7008957652479174,0
-0.22418334455271627,10.0,-0.4525061518493018,-0.0429858434761707,0.12273983992415219,-0.8415253861108629,0.3958396837006527,-0.042733681367526956,0
-0.9870100317224418,7.0,-0.33937724519127577,-0.0365751317823018,-0.41799670131097433,-0.1437252582611323,-0.4380199808762502,-0.2895444628226734,0
0.36407082007496816,14.0,-0.14140165853973027,-0.013745248401190218,1.2722438013230242,0.5136419295506047,0.5775373852542975,-1.6264361957047164,0
-0.22418334455271627,12.0,-0.16968388520423666,-0.026033263298715144,-0.7370881547911161,-0.6044193840074649,-0.018821028355630223,-0.042733681367526956,0
-0.7649342576454141,9.0,-0.8201750984878862,-0.046670653851089615,-0.8030611601578375,-0.7072518165817052,-0.8131811925947843,3.4331848241257847,1
-1.3089736597572996,9.0,-0.056554978546211096,-0.028482037448037296,-1.4617017513511044,-0.5645295730147578,-1.0040394165671835,0.32748249081519265,0
0.6908387250362957,12.0,-0.09897831854297043,-0.00851661897068964,0.7256967935601865,0.3643417897685211,-0.24018631322718456,0.08067170936004625,0
-0.22418334455271627,11.0,-1.0605740251361913,-0.028575230655522768,0.012946232827608706,0.32415024041732154,-0.22505884501272755,-0.042733681367526956,1
-0.22418334455271627,7.0,-0.16968388520423666,-0.0038618635020732715,1.7690386894423344,1.574916084040388,0.825207656520991,-0.042733681367526956,0
-0.8854522419345554,12.0,-0.7918928718233798,-0.03293937046395418,0.06923512731481127,-0.588789337037554,-1.0484973648196712,-0.12500394185257577,1
-0.0267712381195972,7.0,-0.25453056519775635,0.280589556498281,-0.586742333386588,2.754230284372433,-0.9207542998975897,0.3069149256939305,0
1.1611440374210795,7.0,0.24040840143110725,0.05026867533001339,1.267401745883265,3.307920172206151,0.855462592949905,-1.0916795025518993,0
-0.319857821954712,9.0,-0.4949294918460614,-0.023878783488820794,0.6116663879538535,-0.15181184626873104,-0.8092312425610093,-0.08386881161005136,0
-0.47593259376382163,20.0,-0.6504817385008473,-0.010776554252212286,-0.32321346607768486,-0.630610273524613,0.6528385603662613,-0.49522011403529537,1
-0.8604545871246354,6.0,-0.028272751881704205,-0.03982340555373613,-0.4612120461108266,-0.3599509659568501,-0.3285139193015975,0.16294196984509504,0
-1.3991245032598785,7.0,-1.159561818461964,-0.04482518309759445,-0.9202389018000139,-0.6940356764797342,-0.9884076994122447,-0.7008957652479174,0
3.383289109496327,12.0,-0.33937724519127577,0.035672902320808796,1.9490421004153888,2.8716668534977097,2.146507963563731,-1.5441659352196675,1
-0.07234764061990345,8.0,-1.0322917984716848,-0.0384733302716111,-1.0818425021019826,-0.3155350795867557,0.331716026769371,3.4331848241257847,1
0.4533995413227499,24.0,0.028291701447308578,0.011859585355442655,0.15711843354644364,2.118105476998567,1.8698433782193284,-0.5363552442778198,0
1.2044339124002317,11.0,3.492864467849354,-0.005014516331498821,0.623166269623282,0.28697607465104685,1.9192597743865547,0.22464466520888166,0
0.3781239723679036,13.0,0.5939362347374384,-0.036304135744745364,-0.269224547924368,-0.028943986690589407,1.0389251657952365,0.03953657911752184,0
-0.22418334455271627,15.0,0.042432814779562025,-0.013473026137219502,0.014035695301554562,0.6381995239363043,1.4085396391684697,-0.042733681367526956,1
-0.6188791008166423,4.0,0.3818195347536397,-0.023974429149134828,0.7033022871512994,-0.194236259472775,-0.9747929780192334,-1.5647335003409297,0
-0.22418334455271627,15.0,-0.09897831854297043,0.0017616108338262713,2.5740304063023283,0.16265987095214127,-0.17051591795060198,-0.042733681367526956,1
-0.6778406812778616,5.0,-1.8241941450778665,-0.049530213849196404,-1.3384714404092286,-0.8312662819221184,-1.4766047152888047,-0.001598551125002556,0
